,Cytisus_scoparius,Trifolium_repens,Lotus_corniculatus,Cirsium_arvense,Ulex_europeus,Trifolium_pratense,Rubus_fruticosus,N_all,N_seed_feeder,Area_seed_feeder,N_seed_feeder_parasitoid,Area_seed_feeder_parasitoid,N_Plant,Area_Plant,N_passive,N_active,Area_merged,N_active_parasitism,N_passive_parasitism,Area_parasitism,Area_only_parasitism,N_active_herbivory,N_passive_herbivory,Area_herbivory,Area_only_herbivory
0,6,1,4,5,0,2,3,29.0,11,0.6233766233766234,11,0.6233766233766234,7,0.5714285714285714,22.0,7,0.6233766233766234,5,11,0.6233766233766234,0.5636363636363637,7,11,0.6233766233766234,0.6233766233766234
1,4,3,5,6,1,2,0,29.0,11,0.6233766233766234,11,0.5064935064935066,7,0.5714285714285714,22.0,7,0.5649350649350648,5,11,0.5064935064935066,0.6,7,11,0.6233766233766234,0.6233766233766234
2,5,6,0,3,2,1,4,29.0,11,0.5844155844155844,11,0.7532467532467533,7,0.5714285714285714,22.0,7,0.6688311688311688,5,11,0.7532467532467533,0.6909090909090909,7,11,0.5844155844155844,0.5844155844155844
3,2,1,0,5,4,6,3,29.0,11,0.5194805194805194,11,0.5064935064935066,7,0.5714285714285714,22.0,7,0.5129870129870129,5,11,0.5064935064935066,0.5636363636363636,7,11,0.5194805194805194,0.5194805194805194
4,0,6,3,5,4,2,1,29.0,11,0.5454545454545454,11,0.4935064935064935,7,0.5714285714285714,22.0,7,0.5194805194805194,5,11,0.4935064935064935,0.6909090909090909,7,11,0.5454545454545454,0.5454545454545454
5,1,5,3,4,0,2,6,29.0,11,0.5974025974025974,11,0.6363636363636364,7,0.5714285714285714,22.0,7,0.6168831168831168,5,11,0.6363636363636364,0.6545454545454545,7,11,0.5974025974025974,0.5974025974025974
6,1,4,6,2,0,3,5,29.0,11,0.6363636363636364,11,0.5324675324675325,7,0.5714285714285714,22.0,7,0.5844155844155844,5,11,0.5324675324675325,0.5636363636363637,7,11,0.6363636363636364,0.6363636363636364
7,2,0,1,3,4,5,6,29.0,11,0.5064935064935066,11,0.5584415584415584,7,0.5714285714285714,22.0,7,0.5324675324675324,5,11,0.5584415584415584,0.509090909090909,7,11,0.5064935064935066,0.5064935064935066
8,2,6,1,3,0,5,4,29.0,11,0.6363636363636364,11,0.5844155844155844,7,0.5714285714285714,22.0,7,0.6103896103896104,5,11,0.5844155844155844,0.6181818181818182,7,11,0.6363636363636364,0.6363636363636364
9,2,6,1,5,3,0,4,29.0,11,0.5324675324675324,11,0.6753246753246753,7,0.5714285714285714,22.0,7,0.6038961038961039,5,11,0.6753246753246753,0.6909090909090909,7,11,0.5324675324675324,0.5324675324675324
10,4,2,3,0,1,6,5,29.0,11,0.6363636363636364,11,0.5194805194805194,7,0.5714285714285714,22.0,7,0.577922077922078,5,11,0.5194805194805194,0.4727272727272727,7,11,0.6363636363636364,0.6363636363636364
11,1,2,5,6,0,3,4,29.0,11,0.5974025974025974,11,0.5064935064935066,7,0.5714285714285714,22.0,7,0.551948051948052,5,11,0.5064935064935066,0.5636363636363637,7,11,0.5974025974025974,0.5974025974025974
12,0,1,2,3,5,6,4,29.0,11,0.5064935064935066,11,0.42857142857142855,7,0.5714285714285714,22.0,7,0.4675324675324675,5,11,0.42857142857142855,0.509090909090909,7,11,0.5064935064935066,0.5064935064935066
13,5,0,3,2,6,1,4,29.0,11,0.4935064935064935,11,0.6363636363636362,7,0.5714285714285714,22.0,7,0.5649350649350648,5,11,0.6363636363636362,0.5636363636363637,7,11,0.4935064935064935,0.4935064935064935
14,5,6,4,3,0,1,2,29.0,11,0.6623376623376622,11,0.6493506493506493,7,0.5714285714285714,22.0,7,0.6558441558441557,5,11,0.6493506493506493,0.6363636363636364,7,11,0.6623376623376622,0.6623376623376622
15,3,5,6,4,2,0,1,29.0,11,0.6103896103896104,11,0.5454545454545454,7,0.5714285714285714,22.0,7,0.577922077922078,5,11,0.5454545454545454,0.6181818181818182,7,11,0.6103896103896104,0.6103896103896104
16,5,6,1,0,2,3,4,29.0,11,0.6233766233766234,11,0.6753246753246753,7,0.5714285714285714,22.0,7,0.6493506493506493,5,11,0.6753246753246753,0.5818181818181818,7,11,0.6233766233766234,0.6233766233766234
17,1,3,0,6,5,4,2,29.0,11,0.4935064935064935,11,0.5194805194805194,7,0.5714285714285714,22.0,7,0.5064935064935066,5,11,0.5194805194805194,0.6181818181818182,7,11,0.4935064935064935,0.4935064935064935
18,3,1,6,0,5,2,4,29.0,11,0.5454545454545454,11,0.5194805194805194,7,0.5714285714285714,22.0,7,0.5324675324675324,5,11,0.5194805194805194,0.509090909090909,7,11,0.5454545454545454,0.5454545454545454
19,5,3,0,4,2,1,6,29.0,11,0.5454545454545454,11,0.7662337662337662,7,0.5714285714285714,22.0,7,0.6558441558441557,5,11,0.7662337662337662,0.6727272727272727,7,11,0.5454545454545454,0.5454545454545454
20,6,0,4,3,2,1,5,29.0,11,0.5714285714285714,11,0.6753246753246753,7,0.5714285714285714,22.0,7,0.6233766233766234,5,11,0.6753246753246753,0.5454545454545454,7,11,0.5714285714285714,0.5714285714285714
21,5,6,1,0,4,2,3,29.0,11,0.5844155844155844,11,0.6753246753246753,7,0.5714285714285714,22.0,7,0.6298701298701299,5,11,0.6753246753246753,0.6181818181818182,7,11,0.5844155844155844,0.5844155844155844
22,2,0,1,4,3,5,6,29.0,11,0.5194805194805194,11,0.5714285714285714,7,0.5714285714285714,22.0,7,0.5454545454545454,5,11,0.5714285714285714,0.5272727272727273,7,11,0.5194805194805194,0.5194805194805194
23,5,2,4,1,6,3,0,29.0,11,0.5584415584415585,11,0.4935064935064935,7,0.5714285714285714,22.0,7,0.525974025974026,5,11,0.4935064935064935,0.5272727272727273,7,11,0.5584415584415585,0.5584415584415585
24,6,2,1,4,5,0,3,29.0,11,0.5064935064935066,11,0.7012987012987013,7,0.5714285714285714,22.0,7,0.6038961038961039,5,11,0.7012987012987013,0.6545454545454545,7,11,0.5064935064935066,0.5064935064935066
25,6,1,5,3,4,2,0,29.0,11,0.5844155844155844,11,0.5324675324675325,7,0.5714285714285714,22.0,7,0.5584415584415584,5,11,0.5324675324675325,0.5454545454545454,7,11,0.5844155844155844,0.5844155844155844
26,5,6,2,4,1,0,3,29.0,11,0.6103896103896104,11,0.7142857142857142,7,0.5714285714285714,22.0,7,0.6623376623376622,5,11,0.7142857142857142,0.6727272727272727,7,11,0.6103896103896104,0.6103896103896104
27,0,6,5,3,2,1,4,29.0,11,0.5844155844155844,11,0.5584415584415584,7,0.5714285714285714,22.0,7,0.5714285714285714,5,11,0.5584415584415584,0.6545454545454545,7,11,0.5844155844155844,0.5844155844155844
28,2,6,0,5,3,4,1,29.0,11,0.5714285714285714,11,0.5584415584415584,7,0.5714285714285714,22.0,7,0.564935064935065,5,11,0.5584415584415584,0.6727272727272727,7,11,0.5714285714285714,0.5714285714285714
29,5,1,2,3,0,4,6,29.0,11,0.6103896103896104,11,0.6623376623376622,7,0.5714285714285714,22.0,7,0.6363636363636364,5,11,0.6623376623376622,0.5272727272727273,7,11,0.6103896103896104,0.6103896103896104
30,2,0,5,3,6,4,1,29.0,11,0.5194805194805194,11,0.40259740259740256,7,0.5714285714285714,22.0,7,0.461038961038961,5,11,0.40259740259740256,0.5272727272727273,7,11,0.5194805194805194,0.5194805194805194
31,0,4,3,5,6,1,2,29.0,11,0.4805194805194805,11,0.5064935064935066,7,0.5714285714285714,22.0,7,0.4935064935064935,5,11,0.5064935064935066,0.6545454545454545,7,11,0.4805194805194805,0.4805194805194805
32,6,0,4,5,1,2,3,29.0,11,0.5974025974025974,11,0.6103896103896104,7,0.5714285714285714,22.0,7,0.6038961038961039,5,11,0.6103896103896104,0.5454545454545454,7,11,0.5974025974025974,0.5974025974025974
33,1,5,4,2,3,0,6,29.0,11,0.5454545454545454,11,0.6493506493506493,7,0.5714285714285714,22.0,7,0.5974025974025974,5,11,0.6493506493506493,0.6545454545454545,7,11,0.5454545454545454,0.5454545454545454
34,2,1,4,5,3,0,6,29.0,11,0.5064935064935066,11,0.6233766233766234,7,0.5714285714285714,22.0,7,0.564935064935065,5,11,0.6233766233766234,0.6,7,11,0.5064935064935066,0.5064935064935066
35,1,4,5,6,0,2,3,29.0,11,0.6103896103896104,11,0.5194805194805194,7,0.5714285714285714,22.0,7,0.5649350649350648,5,11,0.5194805194805194,0.6,7,11,0.6103896103896104,0.6103896103896104
36,4,2,3,0,5,1,6,29.0,11,0.5194805194805194,11,0.6753246753246753,7,0.5714285714285714,22.0,7,0.5974025974025974,5,11,0.6753246753246753,0.5818181818181818,7,11,0.5194805194805194,0.5194805194805194
37,4,6,3,0,1,2,5,29.0,11,0.6363636363636364,11,0.6753246753246753,7,0.5714285714285714,22.0,7,0.6558441558441557,5,11,0.6753246753246753,0.5818181818181818,7,11,0.6363636363636364,0.6363636363636364
38,0,2,6,1,3,4,5,29.0,11,0.5714285714285714,11,0.44155844155844154,7,0.5714285714285714,22.0,7,0.5064935064935066,5,11,0.44155844155844154,0.4727272727272727,7,11,0.5714285714285714,0.5714285714285714
39,5,0,1,4,6,2,3,29.0,11,0.4805194805194805,11,0.6233766233766234,7,0.5714285714285714,22.0,7,0.551948051948052,5,11,0.6233766233766234,0.5818181818181818,7,11,0.4805194805194805,0.4805194805194805
40,0,6,3,1,4,2,5,29.0,11,0.5454545454545454,11,0.5844155844155844,7,0.5714285714285714,22.0,7,0.5649350649350648,5,11,0.5844155844155844,0.6363636363636364,7,11,0.5454545454545454,0.5454545454545454
41,1,3,6,4,2,0,5,29.0,11,0.5584415584415584,11,0.5714285714285714,7,0.5714285714285714,22.0,7,0.5649350649350648,5,11,0.5714285714285714,0.6,7,11,0.5584415584415584,0.5584415584415584
42,2,5,6,0,3,1,4,29.0,11,0.5974025974025974,11,0.5714285714285714,7,0.5714285714285714,22.0,7,0.5844155844155844,5,11,0.5714285714285714,0.5818181818181818,7,11,0.5974025974025974,0.5974025974025974
43,6,4,3,5,2,1,0,29.0,11,0.6103896103896104,11,0.6103896103896104,7,0.5714285714285714,22.0,7,0.6103896103896104,5,11,0.6103896103896104,0.6545454545454545,7,11,0.6103896103896104,0.6103896103896104
44,1,5,3,6,0,4,2,29.0,11,0.6233766233766234,11,0.5064935064935066,7,0.5714285714285714,22.0,7,0.564935064935065,5,11,0.5064935064935066,0.6363636363636364,7,11,0.6233766233766234,0.6233766233766234
45,0,2,5,4,6,1,3,29.0,11,0.4805194805194805,11,0.4805194805194805,7,0.5714285714285714,22.0,7,0.4805194805194805,5,11,0.4805194805194805,0.6,7,11,0.4805194805194805,0.4805194805194805
46,2,5,6,0,4,1,3,29.0,11,0.5844155844155844,11,0.5454545454545454,7,0.5714285714285714,22.0,7,0.5649350649350648,5,11,0.5454545454545454,0.5818181818181818,7,11,0.5844155844155844,0.5844155844155844
47,0,3,1,2,4,6,5,29.0,11,0.5324675324675324,11,0.4805194805194805,7,0.5714285714285714,22.0,7,0.5064935064935066,5,11,0.4805194805194805,0.5454545454545454,7,11,0.5324675324675324,0.5324675324675324
48,3,0,2,5,4,1,6,29.0,11,0.4805194805194805,11,0.6493506493506493,7,0.5714285714285714,22.0,7,0.564935064935065,5,11,0.6493506493506493,0.5818181818181818,7,11,0.4805194805194805,0.4805194805194805
49,2,0,5,6,4,1,3,29.0,11,0.5064935064935066,11,0.5064935064935066,7,0.5714285714285714,22.0,7,0.5064935064935066,5,11,0.5064935064935066,0.5636363636363637,7,11,0.5064935064935066,0.5064935064935066
50,3,5,4,1,2,0,6,29.0,11,0.5844155844155844,11,0.7012987012987013,7,0.5714285714285714,22.0,7,0.6428571428571428,5,11,0.7012987012987013,0.6545454545454545,7,11,0.5844155844155844,0.5844155844155844
51,5,0,1,2,4,6,3,29.0,11,0.5584415584415584,11,0.5194805194805194,7,0.5714285714285714,22.0,7,0.5389610389610389,5,11,0.5194805194805194,0.509090909090909,7,11,0.5584415584415584,0.5584415584415584
52,3,5,0,1,2,4,6,29.0,11,0.5844155844155844,11,0.6623376623376622,7,0.5714285714285714,22.0,7,0.6233766233766234,5,11,0.6623376623376622,0.6181818181818182,7,11,0.5844155844155844,0.5844155844155844
53,2,6,3,1,4,0,5,29.0,11,0.5454545454545454,11,0.6753246753246753,7,0.5714285714285714,22.0,7,0.6103896103896104,5,11,0.6753246753246753,0.6727272727272727,7,11,0.5454545454545454,0.5454545454545454
54,1,6,0,4,3,2,5,29.0,11,0.5324675324675324,11,0.6623376623376622,7,0.5714285714285714,22.0,7,0.5974025974025974,5,11,0.6623376623376622,0.6909090909090909,7,11,0.5324675324675324,0.5324675324675324
55,6,5,0,4,2,1,3,29.0,11,0.5844155844155844,11,0.7402597402597402,7,0.5714285714285714,22.0,7,0.6623376623376622,5,11,0.7402597402597402,0.6909090909090909,7,11,0.5844155844155844,0.5844155844155844
56,6,2,0,5,3,4,1,29.0,11,0.5714285714285714,11,0.6103896103896104,7,0.5714285714285714,22.0,7,0.5909090909090908,5,11,0.6103896103896104,0.6,7,11,0.5714285714285714,0.5714285714285714
57,3,2,1,4,6,5,0,29.0,11,0.5194805194805194,11,0.4675324675324675,7,0.5714285714285714,22.0,7,0.4935064935064935,5,11,0.4675324675324675,0.5818181818181818,7,11,0.5194805194805194,0.5194805194805194
58,0,4,6,5,3,1,2,29.0,11,0.5584415584415584,11,0.4675324675324675,7,0.5714285714285714,22.0,7,0.512987012987013,5,11,0.4675324675324675,0.6,7,11,0.5584415584415584,0.5584415584415584
59,5,6,0,4,2,1,3,29.0,11,0.5844155844155844,11,0.7272727272727273,7,0.5714285714285714,22.0,7,0.6558441558441557,5,11,0.7272727272727273,0.6909090909090909,7,11,0.5844155844155844,0.5844155844155844
60,5,4,1,2,0,6,3,29.0,11,0.6623376623376622,11,0.5714285714285714,7,0.5714285714285714,22.0,7,0.6168831168831168,5,11,0.5714285714285714,0.5636363636363636,7,11,0.6623376623376622,0.6623376623376622
61,2,3,0,4,6,5,1,29.0,11,0.5064935064935066,11,0.4935064935064935,7,0.5714285714285714,22.0,7,0.5,5,11,0.4935064935064935,0.5818181818181818,7,11,0.5064935064935066,0.5064935064935066
62,3,1,0,4,5,6,2,29.0,11,0.5194805194805194,11,0.4935064935064935,7,0.5714285714285714,22.0,7,0.5064935064935066,5,11,0.4935064935064935,0.5454545454545454,7,11,0.5194805194805194,0.5194805194805194
63,6,4,5,3,2,1,0,29.0,11,0.6363636363636364,11,0.5844155844155844,7,0.5714285714285714,22.0,7,0.6103896103896104,5,11,0.5844155844155844,0.6181818181818182,7,11,0.6363636363636364,0.6363636363636364
64,0,1,2,4,6,3,5,29.0,11,0.45454545454545453,11,0.5324675324675324,7,0.5714285714285714,22.0,7,0.4935064935064935,5,11,0.5324675324675324,0.5818181818181818,7,11,0.45454545454545453,0.45454545454545453
65,2,4,0,5,6,1,3,29.0,11,0.4675324675324675,11,0.6233766233766234,7,0.5714285714285714,22.0,7,0.5454545454545454,5,11,0.6233766233766234,0.6545454545454545,7,11,0.4675324675324675,0.4675324675324675
66,1,6,3,5,4,2,0,29.0,11,0.5584415584415584,11,0.4935064935064935,7,0.5714285714285714,22.0,7,0.525974025974026,5,11,0.4935064935064935,0.6909090909090909,7,11,0.5584415584415584,0.5584415584415584
67,1,4,2,5,6,3,0,29.0,11,0.5064935064935066,11,0.4675324675324675,7,0.5714285714285714,22.0,7,0.487012987012987,5,11,0.4675324675324675,0.6545454545454545,7,11,0.5064935064935066,0.5064935064935066
68,1,5,0,6,2,3,4,29.0,11,0.5454545454545454,11,0.6103896103896104,7,0.5714285714285714,22.0,7,0.577922077922078,5,11,0.6103896103896104,0.6545454545454545,7,11,0.5454545454545454,0.5454545454545454
69,1,6,3,5,4,2,0,29.0,11,0.5584415584415584,11,0.4935064935064935,7,0.5714285714285714,22.0,7,0.525974025974026,5,11,0.4935064935064935,0.6909090909090909,7,11,0.5584415584415584,0.5584415584415584
70,0,2,6,3,1,4,5,29.0,11,0.5974025974025974,11,0.4675324675324675,7,0.5714285714285714,22.0,7,0.5324675324675324,5,11,0.4675324675324675,0.509090909090909,7,11,0.5974025974025974,0.5974025974025974
71,6,2,0,4,1,5,3,29.0,11,0.6103896103896104,11,0.6363636363636364,7,0.5714285714285714,22.0,7,0.6233766233766234,5,11,0.6363636363636364,0.5818181818181818,7,11,0.6103896103896104,0.6103896103896104
72,3,0,6,5,1,4,2,29.0,11,0.6103896103896104,11,0.45454545454545453,7,0.5714285714285714,22.0,7,0.5324675324675324,5,11,0.45454545454545453,0.5272727272727273,7,11,0.6103896103896104,0.6103896103896104
73,1,5,3,6,2,4,0,29.0,11,0.5974025974025974,11,0.45454545454545453,7,0.5714285714285714,22.0,7,0.525974025974026,5,11,0.45454545454545453,0.6363636363636364,7,11,0.5974025974025974,0.5974025974025974
74,4,6,3,1,0,2,5,29.0,11,0.6493506493506493,11,0.6883116883116882,7,0.5714285714285714,22.0,7,0.6688311688311688,5,11,0.6883116883116882,0.6000000000000001,7,11,0.6493506493506493,0.6493506493506493
75,0,3,2,4,1,5,6,29.0,11,0.5714285714285714,11,0.5454545454545454,7,0.5714285714285714,22.0,7,0.5584415584415584,5,11,0.5454545454545454,0.5636363636363636,7,11,0.5714285714285714,0.5714285714285714
76,0,6,2,3,4,5,1,29.0,11,0.5714285714285714,11,0.44155844155844154,7,0.5714285714285714,22.0,7,0.5064935064935066,5,11,0.44155844155844154,0.6181818181818182,7,11,0.5714285714285714,0.5714285714285714
77,1,6,3,2,5,4,0,29.0,11,0.5714285714285714,11,0.44155844155844154,7,0.5714285714285714,22.0,7,0.5064935064935066,5,11,0.44155844155844154,0.6181818181818182,7,11,0.5714285714285714,0.5714285714285714
78,2,0,5,6,1,3,4,29.0,11,0.5714285714285714,11,0.5064935064935066,7,0.5714285714285714,22.0,7,0.538961038961039,5,11,0.5064935064935066,0.5454545454545454,7,11,0.5714285714285714,0.5714285714285714
79,4,5,0,6,2,3,1,29.0,11,0.5844155844155844,11,0.6103896103896104,7,0.5714285714285714,22.0,7,0.5974025974025974,5,11,0.6103896103896104,0.6545454545454545,7,11,0.5844155844155844,0.5844155844155844
80,5,1,3,2,0,6,4,29.0,11,0.6493506493506493,11,0.5324675324675325,7,0.5714285714285714,22.0,7,0.5909090909090908,5,11,0.5324675324675325,0.4909090909090909,7,11,0.6493506493506493,0.6493506493506493
81,0,5,3,1,6,4,2,29.0,11,0.5324675324675325,11,0.44155844155844154,7,0.5714285714285714,22.0,7,0.487012987012987,5,11,0.44155844155844154,0.6000000000000001,7,11,0.5324675324675325,0.5324675324675325
82,1,5,0,2,3,4,6,29.0,11,0.5454545454545454,11,0.6233766233766234,7,0.5714285714285714,22.0,7,0.5844155844155844,5,11,0.6233766233766234,0.6181818181818182,7,11,0.5454545454545454,0.5454545454545454
83,1,5,2,0,4,3,6,29.0,11,0.5454545454545454,11,0.5974025974025974,7,0.5714285714285714,22.0,7,0.5714285714285714,5,11,0.5974025974025974,0.6181818181818182,7,11,0.5454545454545454,0.5454545454545454
84,3,2,4,5,6,1,0,29.0,11,0.5064935064935066,11,0.4935064935064935,7,0.5714285714285714,22.0,7,0.5,5,11,0.4935064935064935,0.6181818181818182,7,11,0.5064935064935066,0.5064935064935066
85,5,0,1,6,3,2,4,29.0,11,0.5194805194805194,11,0.6493506493506493,7,0.5714285714285714,22.0,7,0.5844155844155844,5,11,0.6493506493506493,0.5818181818181818,7,11,0.5194805194805194,0.5194805194805194
86,1,2,3,4,0,5,6,29.0,11,0.5974025974025974,11,0.5454545454545454,7,0.5714285714285714,22.0,7,0.5714285714285714,5,11,0.5454545454545454,0.5272727272727273,7,11,0.5974025974025974,0.5974025974025974
87,4,1,5,6,0,3,2,29.0,11,0.6233766233766234,11,0.5194805194805194,7,0.5714285714285714,22.0,7,0.5714285714285714,5,11,0.5194805194805194,0.5636363636363637,7,11,0.6233766233766234,0.6233766233766234
88,3,1,6,2,0,4,5,29.0,11,0.6363636363636364,11,0.5194805194805194,7,0.5714285714285714,22.0,7,0.577922077922078,5,11,0.5194805194805194,0.509090909090909,7,11,0.6363636363636364,0.6363636363636364
89,6,5,1,0,2,3,4,29.0,11,0.6233766233766234,11,0.6883116883116882,7,0.5714285714285714,22.0,7,0.6558441558441557,5,11,0.6883116883116882,0.5818181818181818,7,11,0.6233766233766234,0.6233766233766234
90,0,6,3,4,2,1,5,29.0,11,0.5584415584415584,11,0.6103896103896104,7,0.5714285714285714,22.0,7,0.5844155844155844,5,11,0.6103896103896104,0.6727272727272727,7,11,0.5584415584415584,0.5584415584415584
91,1,2,5,0,4,3,6,29.0,11,0.5454545454545454,11,0.5194805194805194,7,0.5714285714285714,22.0,7,0.5324675324675324,5,11,0.5194805194805194,0.509090909090909,7,11,0.5454545454545454,0.5454545454545454
92,4,3,5,1,0,2,6,29.0,11,0.6363636363636364,11,0.6493506493506493,7,0.5714285714285714,22.0,7,0.6428571428571428,5,11,0.6493506493506493,0.5636363636363637,7,11,0.6363636363636364,0.6363636363636364
93,3,4,1,6,2,0,5,29.0,11,0.5324675324675324,11,0.7012987012987013,7,0.5714285714285714,22.0,7,0.6168831168831169,5,11,0.7012987012987013,0.6727272727272727,7,11,0.5324675324675324,0.5324675324675324
94,0,4,5,6,3,1,2,29.0,11,0.5454545454545454,11,0.4805194805194805,7,0.5714285714285714,22.0,7,0.512987012987013,5,11,0.4805194805194805,0.6181818181818182,7,11,0.5454545454545454,0.5454545454545454
95,6,5,3,1,4,2,0,29.0,11,0.6103896103896104,11,0.5974025974025974,7,0.5714285714285714,22.0,7,0.6038961038961039,5,11,0.5974025974025974,0.6363636363636364,7,11,0.6103896103896104,0.6103896103896104
96,3,0,1,2,5,6,4,29.0,11,0.5194805194805194,11,0.4935064935064935,7,0.5714285714285714,22.0,7,0.5064935064935066,5,11,0.4935064935064935,0.509090909090909,7,11,0.5194805194805194,0.5194805194805194
97,0,3,5,2,6,4,1,29.0,11,0.5324675324675325,11,0.37662337662337664,7,0.5714285714285714,22.0,7,0.45454545454545453,5,11,0.37662337662337664,0.5272727272727273,7,11,0.5324675324675325,0.5324675324675325
98,0,4,6,5,1,3,2,29.0,11,0.6103896103896104,11,0.44155844155844154,7,0.5714285714285714,22.0,7,0.525974025974026,5,11,0.44155844155844154,0.5818181818181818,7,11,0.6103896103896104,0.6103896103896104
99,3,2,5,0,6,1,4,29.0,11,0.5194805194805194,11,0.5714285714285714,7,0.5714285714285714,22.0,7,0.5454545454545454,5,11,0.5714285714285714,0.5818181818181818,7,11,0.5194805194805194,0.5194805194805194
100,1,0,2,6,3,5,4,29.0,11,0.5194805194805194,11,0.4935064935064935,7,0.5714285714285714,22.0,7,0.5064935064935066,5,11,0.4935064935064935,0.5636363636363637,7,11,0.5194805194805194,0.5194805194805194
101,1,0,4,2,6,3,5,29.0,11,0.4805194805194805,11,0.5064935064935064,7,0.5714285714285714,22.0,7,0.4935064935064935,5,11,0.5064935064935064,0.5272727272727273,7,11,0.4805194805194805,0.4805194805194805
102,3,5,1,0,6,2,4,29.0,11,0.5194805194805194,11,0.6363636363636364,7,0.5714285714285714,22.0,7,0.577922077922078,5,11,0.6363636363636364,0.6000000000000001,7,11,0.5194805194805194,0.5194805194805194
103,0,5,2,4,3,6,1,29.0,11,0.5844155844155844,11,0.41558441558441556,7,0.5714285714285714,22.0,7,0.5,5,11,0.41558441558441556,0.5818181818181818,7,11,0.5844155844155844,0.5844155844155844
104,4,6,1,3,0,5,2,29.0,11,0.6623376623376622,11,0.5844155844155844,7,0.5714285714285714,22.0,7,0.6233766233766234,5,11,0.5844155844155844,0.6181818181818182,7,11,0.6623376623376622,0.6623376623376622
105,4,1,2,0,6,5,3,29.0,11,0.5324675324675325,11,0.4935064935064935,7,0.5714285714285714,22.0,7,0.5129870129870129,5,11,0.4935064935064935,0.509090909090909,7,11,0.5324675324675325,0.5324675324675325
106,0,1,2,3,4,5,6,29.0,11,0.5064935064935066,11,0.5064935064935066,7,0.5714285714285714,22.0,7,0.5064935064935066,5,11,0.5064935064935066,0.509090909090909,7,11,0.5064935064935066,0.5064935064935066
107,6,5,2,1,3,0,4,29.0,11,0.5844155844155844,11,0.7532467532467533,7,0.5714285714285714,22.0,7,0.6688311688311688,5,11,0.7532467532467533,0.6727272727272727,7,11,0.5844155844155844,0.5844155844155844
108,3,1,2,4,0,6,5,29.0,11,0.6103896103896104,11,0.5454545454545454,7,0.5714285714285714,22.0,7,0.577922077922078,5,11,0.5454545454545454,0.5272727272727273,7,11,0.6103896103896104,0.6103896103896104
109,4,3,2,6,5,0,1,29.0,11,0.5064935064935066,11,0.5974025974025974,7,0.5714285714285714,22.0,7,0.551948051948052,5,11,0.5974025974025974,0.6545454545454545,7,11,0.5064935064935066,0.5064935064935066
110,3,1,0,2,6,4,5,29.0,11,0.4805194805194805,11,0.5974025974025974,7,0.5714285714285714,22.0,7,0.5389610389610389,5,11,0.5974025974025974,0.5818181818181818,7,11,0.4805194805194805,0.4805194805194805
111,0,6,1,3,5,2,4,29.0,11,0.5064935064935066,11,0.5974025974025974,7,0.5714285714285714,22.0,7,0.551948051948052,5,11,0.5974025974025974,0.6909090909090909,7,11,0.5064935064935066,0.5064935064935066
112,0,4,1,5,2,6,3,29.0,11,0.5714285714285714,11,0.4805194805194805,7,0.5714285714285714,22.0,7,0.525974025974026,5,11,0.4805194805194805,0.5818181818181818,7,11,0.5714285714285714,0.5714285714285714
113,3,6,0,4,1,2,5,29.0,11,0.5844155844155844,11,0.7142857142857142,7,0.5714285714285714,22.0,7,0.6493506493506493,5,11,0.7142857142857142,0.6727272727272727,7,11,0.5844155844155844,0.5844155844155844
114,2,6,3,0,5,4,1,29.0,11,0.5844155844155844,11,0.4675324675324675,7,0.5714285714285714,22.0,7,0.525974025974026,5,11,0.4675324675324675,0.6181818181818182,7,11,0.5844155844155844,0.5844155844155844
115,6,5,4,0,2,3,1,29.0,11,0.6623376623376622,11,0.5714285714285714,7,0.5714285714285714,22.0,7,0.6168831168831168,5,11,0.5714285714285714,0.5818181818181818,7,11,0.6623376623376622,0.6623376623376622
116,4,2,1,3,6,5,0,29.0,11,0.5324675324675325,11,0.4805194805194805,7,0.5714285714285714,22.0,7,0.5064935064935066,5,11,0.4805194805194805,0.5818181818181818,7,11,0.5324675324675325,0.5324675324675325
117,5,3,0,1,4,6,2,29.0,11,0.5844155844155844,11,0.5324675324675325,7,0.5714285714285714,22.0,7,0.5584415584415584,5,11,0.5324675324675325,0.5454545454545454,7,11,0.5844155844155844,0.5844155844155844
118,5,6,4,2,3,1,0,29.0,11,0.6233766233766234,11,0.5974025974025974,7,0.5714285714285714,22.0,7,0.6103896103896104,5,11,0.5974025974025974,0.6545454545454545,7,11,0.6233766233766234,0.6233766233766234
119,0,6,4,2,1,3,5,29.0,11,0.6103896103896104,11,0.5584415584415584,7,0.5714285714285714,22.0,7,0.5844155844155844,5,11,0.5584415584415584,0.6000000000000001,7,11,0.6103896103896104,0.6103896103896104
120,3,4,5,1,2,6,0,29.0,11,0.6623376623376622,11,0.37662337662337664,7,0.5714285714285714,22.0,7,0.5194805194805194,5,11,0.37662337662337664,0.4727272727272727,7,11,0.6623376623376622,0.6623376623376622
121,2,1,5,3,4,0,6,29.0,11,0.5064935064935066,11,0.6103896103896104,7,0.5714285714285714,22.0,7,0.5584415584415584,5,11,0.6103896103896104,0.5818181818181818,7,11,0.5064935064935066,0.5064935064935066
122,3,4,0,1,5,2,6,29.0,11,0.5064935064935066,11,0.7012987012987013,7,0.5714285714285714,22.0,7,0.6038961038961039,5,11,0.7012987012987013,0.6363636363636364,7,11,0.5064935064935066,0.5064935064935066
123,1,4,5,3,6,0,2,29.0,11,0.5064935064935066,11,0.5194805194805194,7,0.5714285714285714,22.0,7,0.5129870129870129,5,11,0.5194805194805194,0.6181818181818182,7,11,0.5064935064935066,0.5064935064935066
124,2,6,1,4,0,3,5,29.0,11,0.6103896103896104,11,0.6623376623376622,7,0.5714285714285714,22.0,7,0.6363636363636364,5,11,0.6623376623376622,0.6545454545454545,7,11,0.6103896103896104,0.6103896103896104
125,3,5,0,6,4,1,2,29.0,11,0.5194805194805194,11,0.6363636363636364,7,0.5714285714285714,22.0,7,0.577922077922078,5,11,0.6363636363636364,0.6727272727272727,7,11,0.5194805194805194,0.5194805194805194
126,2,0,6,4,5,3,1,29.0,11,0.5324675324675324,11,0.41558441558441556,7,0.5714285714285714,22.0,7,0.474025974025974,5,11,0.41558441558441556,0.5454545454545454,7,11,0.5324675324675324,0.5324675324675324
127,0,4,3,6,2,1,5,29.0,11,0.5324675324675324,11,0.5844155844155844,7,0.5714285714285714,22.0,7,0.5584415584415584,5,11,0.5844155844155844,0.6545454545454545,7,11,0.5324675324675324,0.5324675324675324
128,2,0,3,4,5,6,1,29.0,11,0.5324675324675324,11,0.38961038961038963,7,0.5714285714285714,22.0,7,0.461038961038961,5,11,0.38961038961038963,0.509090909090909,7,11,0.5324675324675324,0.5324675324675324
129,0,3,1,2,5,4,6,29.0,11,0.4935064935064935,11,0.5584415584415584,7,0.5714285714285714,22.0,7,0.525974025974026,5,11,0.5584415584415584,0.5818181818181818,7,11,0.4935064935064935,0.4935064935064935
130,6,2,3,0,1,4,5,29.0,11,0.6363636363636364,11,0.6233766233766234,7,0.5714285714285714,22.0,7,0.6298701298701299,5,11,0.6233766233766234,0.4727272727272727,7,11,0.6363636363636364,0.6363636363636364
131,0,2,3,6,5,1,4,29.0,11,0.4675324675324675,11,0.5324675324675324,7,0.5714285714285714,22.0,7,0.5,5,11,0.5324675324675324,0.6181818181818182,7,11,0.4675324675324675,0.4675324675324675
132,0,2,3,5,4,6,1,29.0,11,0.5454545454545454,11,0.37662337662337664,7,0.5714285714285714,22.0,7,0.461038961038961,5,11,0.37662337662337664,0.5272727272727273,7,11,0.5454545454545454,0.5454545454545454
133,2,5,4,1,0,3,6,29.0,11,0.6363636363636364,11,0.6103896103896104,7,0.5714285714285714,22.0,7,0.6233766233766234,5,11,0.6103896103896104,0.6000000000000001,7,11,0.6363636363636364,0.6363636363636364
134,0,4,6,3,5,1,2,29.0,11,0.5324675324675324,11,0.4675324675324675,7,0.5714285714285714,22.0,7,0.5,5,11,0.4675324675324675,0.6,7,11,0.5324675324675324,0.5324675324675324
135,3,0,1,6,5,2,4,29.0,11,0.4675324675324675,11,0.5974025974025974,7,0.5714285714285714,22.0,7,0.5324675324675324,5,11,0.5974025974025974,0.5818181818181818,7,11,0.4675324675324675,0.4675324675324675
136,5,4,2,0,6,3,1,29.0,11,0.5584415584415585,11,0.5584415584415584,7,0.5714285714285714,22.0,7,0.5584415584415585,5,11,0.5584415584415584,0.6000000000000001,7,11,0.5584415584415585,0.5584415584415585
137,1,2,3,5,4,6,0,29.0,11,0.5584415584415584,11,0.37662337662337664,7,0.5714285714285714,22.0,7,0.4675324675324675,5,11,0.37662337662337664,0.5272727272727273,7,11,0.5584415584415584,0.5584415584415584
138,5,3,0,6,2,1,4,29.0,11,0.5454545454545454,11,0.7142857142857142,7,0.5714285714285714,22.0,7,0.6298701298701298,5,11,0.7142857142857142,0.6727272727272727,7,11,0.5454545454545454,0.5454545454545454
139,6,4,2,0,5,1,3,29.0,11,0.5584415584415584,11,0.6883116883116882,7,0.5714285714285714,22.0,7,0.6233766233766234,5,11,0.6883116883116882,0.6181818181818182,7,11,0.5584415584415584,0.5584415584415584
140,4,0,1,3,2,6,5,29.0,11,0.5714285714285714,11,0.5584415584415585,7,0.5714285714285714,22.0,7,0.5649350649350648,5,11,0.5584415584415585,0.5272727272727273,7,11,0.5714285714285714,0.5714285714285714
141,2,5,1,6,4,0,3,29.0,11,0.5064935064935066,11,0.6363636363636364,7,0.5714285714285714,22.0,7,0.5714285714285714,5,11,0.6363636363636364,0.6727272727272727,7,11,0.5064935064935066,0.5064935064935066
142,6,5,2,0,1,4,3,29.0,11,0.6623376623376622,11,0.6233766233766234,7,0.5714285714285714,22.0,7,0.6428571428571428,5,11,0.6233766233766234,0.5636363636363637,7,11,0.6623376623376622,0.6623376623376622
143,2,0,3,5,4,6,1,29.0,11,0.5454545454545454,11,0.40259740259740256,7,0.5714285714285714,22.0,7,0.474025974025974,5,11,0.40259740259740256,0.5272727272727273,7,11,0.5454545454545454,0.5454545454545454
144,2,6,3,5,0,1,4,29.0,11,0.6103896103896104,11,0.6363636363636364,7,0.5714285714285714,22.0,7,0.6233766233766234,5,11,0.6363636363636364,0.6545454545454545,7,11,0.6103896103896104,0.6103896103896104
145,1,4,6,2,0,5,3,29.0,11,0.6623376623376622,11,0.42857142857142855,7,0.5714285714285714,22.0,7,0.5454545454545454,5,11,0.42857142857142855,0.509090909090909,7,11,0.6623376623376622,0.6623376623376622
146,5,1,6,3,4,2,0,29.0,11,0.5844155844155844,11,0.4935064935064935,7,0.5714285714285714,22.0,7,0.5389610389610389,5,11,0.4935064935064935,0.5454545454545454,7,11,0.5844155844155844,0.5844155844155844
147,2,3,4,1,5,6,0,29.0,11,0.5844155844155844,11,0.35064935064935066,7,0.5714285714285714,22.0,7,0.4675324675324675,5,11,0.35064935064935066,0.4727272727272727,7,11,0.5844155844155844,0.5844155844155844
148,4,1,3,2,6,5,0,29.0,11,0.5454545454545454,11,0.42857142857142855,7,0.5714285714285714,22.0,7,0.487012987012987,5,11,0.42857142857142855,0.509090909090909,7,11,0.5454545454545454,0.5454545454545454
149,6,0,2,5,3,4,1,29.0,11,0.5714285714285714,11,0.5584415584415584,7,0.5714285714285714,22.0,7,0.5649350649350648,5,11,0.5584415584415584,0.5636363636363637,7,11,0.5714285714285714,0.5714285714285714
150,5,4,3,0,2,6,1,29.0,11,0.6623376623376622,11,0.4675324675324675,7,0.5714285714285714,22.0,7,0.5649350649350648,5,11,0.4675324675324675,0.509090909090909,7,11,0.6623376623376622,0.6623376623376622
151,3,1,6,4,2,0,5,29.0,11,0.5584415584415584,11,0.5974025974025974,7,0.5714285714285714,22.0,7,0.577922077922078,5,11,0.5974025974025974,0.5818181818181818,7,11,0.5584415584415584,0.5584415584415584
152,0,6,3,4,2,5,1,29.0,11,0.6103896103896104,11,0.44155844155844154,7,0.5714285714285714,22.0,7,0.525974025974026,5,11,0.44155844155844154,0.6181818181818182,7,11,0.6103896103896104,0.6103896103896104
153,6,1,0,3,5,2,4,29.0,11,0.5064935064935066,11,0.7012987012987013,7,0.5714285714285714,22.0,7,0.6038961038961039,5,11,0.7012987012987013,0.6181818181818182,7,11,0.5064935064935066,0.5064935064935066
154,0,1,2,4,6,5,3,29.0,11,0.4805194805194805,11,0.44155844155844154,7,0.5714285714285714,22.0,7,0.461038961038961,5,11,0.44155844155844154,0.5454545454545454,7,11,0.4805194805194805,0.4805194805194805
155,2,0,5,6,4,1,3,29.0,11,0.5064935064935066,11,0.5064935064935066,7,0.5714285714285714,22.0,7,0.5064935064935066,5,11,0.5064935064935066,0.5636363636363637,7,11,0.5064935064935066,0.5064935064935066
156,5,3,0,6,2,1,4,29.0,11,0.5454545454545454,11,0.7142857142857142,7,0.5714285714285714,22.0,7,0.6298701298701298,5,11,0.7142857142857142,0.6727272727272727,7,11,0.5454545454545454,0.5454545454545454
157,3,6,0,4,2,1,5,29.0,11,0.5584415584415584,11,0.7272727272727273,7,0.5714285714285714,22.0,7,0.6428571428571428,5,11,0.7272727272727273,0.6909090909090909,7,11,0.5584415584415584,0.5584415584415584
158,3,5,4,1,2,6,0,29.0,11,0.6623376623376622,11,0.40259740259740256,7,0.5714285714285714,22.0,7,0.5324675324675325,5,11,0.40259740259740256,0.509090909090909,7,11,0.6623376623376622,0.6623376623376622
159,6,1,3,0,5,4,2,29.0,11,0.5714285714285714,11,0.5324675324675324,7,0.5714285714285714,22.0,7,0.551948051948052,5,11,0.5324675324675324,0.509090909090909,7,11,0.5714285714285714,0.5714285714285714
160,4,1,5,6,0,2,3,29.0,11,0.6103896103896104,11,0.5584415584415584,7,0.5714285714285714,22.0,7,0.5844155844155844,5,11,0.5584415584415584,0.5636363636363637,7,11,0.6103896103896104,0.6103896103896104
161,0,6,2,4,3,5,1,29.0,11,0.5844155844155844,11,0.45454545454545453,7,0.5714285714285714,22.0,7,0.5194805194805194,5,11,0.45454545454545453,0.6363636363636364,7,11,0.5844155844155844,0.5844155844155844
162,3,5,2,1,0,4,6,29.0,11,0.6363636363636364,11,0.6363636363636364,7,0.5714285714285714,22.0,7,0.6363636363636364,5,11,0.6363636363636364,0.5818181818181818,7,11,0.6363636363636364,0.6363636363636364
163,6,1,2,4,0,3,5,29.0,11,0.6103896103896104,11,0.6883116883116882,7,0.5714285714285714,22.0,7,0.6493506493506493,5,11,0.6883116883116882,0.5636363636363637,7,11,0.6103896103896104,0.6103896103896104
164,3,2,4,6,5,1,0,29.0,11,0.5194805194805194,11,0.4935064935064935,7,0.5714285714285714,22.0,7,0.5064935064935066,5,11,0.4935064935064935,0.6181818181818182,7,11,0.5194805194805194,0.5194805194805194
165,0,5,1,6,2,3,4,29.0,11,0.5454545454545454,11,0.5714285714285714,7,0.5714285714285714,22.0,7,0.5584415584415584,5,11,0.5714285714285714,0.6545454545454545,7,11,0.5454545454545454,0.5454545454545454
166,1,6,5,4,0,3,2,29.0,11,0.6493506493506493,11,0.5064935064935066,7,0.5714285714285714,22.0,7,0.577922077922078,5,11,0.5064935064935066,0.6363636363636364,7,11,0.6493506493506493,0.6493506493506493
167,2,3,0,4,5,6,1,29.0,11,0.5324675324675324,11,0.4675324675324675,7,0.5714285714285714,22.0,7,0.5,5,11,0.4675324675324675,0.5454545454545454,7,11,0.5324675324675324,0.5324675324675324
168,1,5,4,6,0,3,2,29.0,11,0.6233766233766234,11,0.5064935064935066,7,0.5714285714285714,22.0,7,0.564935064935065,5,11,0.5064935064935066,0.6363636363636364,7,11,0.6233766233766234,0.6233766233766234
169,1,3,5,4,0,6,2,29.0,11,0.6493506493506493,11,0.40259740259740256,7,0.5714285714285714,22.0,7,0.525974025974026,5,11,0.40259740259740256,0.4909090909090909,7,11,0.6493506493506493,0.6493506493506493
170,0,1,6,3,4,2,5,29.0,11,0.5194805194805194,11,0.4935064935064935,7,0.5714285714285714,22.0,7,0.5064935064935066,5,11,0.4935064935064935,0.5454545454545454,7,11,0.5194805194805194,0.5194805194805194
171,0,2,6,1,4,5,3,29.0,11,0.5714285714285714,11,0.36363636363636365,7,0.5714285714285714,22.0,7,0.4675324675324675,5,11,0.36363636363636365,0.4727272727272727,7,11,0.5714285714285714,0.5714285714285714
172,0,6,2,4,3,5,1,29.0,11,0.5844155844155844,11,0.45454545454545453,7,0.5714285714285714,22.0,7,0.5194805194805194,5,11,0.45454545454545453,0.6363636363636364,7,11,0.5844155844155844,0.5844155844155844
173,2,6,1,3,4,5,0,29.0,11,0.5844155844155844,11,0.4805194805194805,7,0.5714285714285714,22.0,7,0.5324675324675324,5,11,0.4805194805194805,0.6181818181818182,7,11,0.5844155844155844,0.5844155844155844
174,4,3,1,5,6,2,0,29.0,11,0.5064935064935066,11,0.5584415584415584,7,0.5714285714285714,22.0,7,0.5324675324675325,5,11,0.5584415584415584,0.6545454545454545,7,11,0.5064935064935066,0.5064935064935066
175,6,3,1,2,0,5,4,29.0,11,0.6493506493506493,11,0.6363636363636364,7,0.5714285714285714,22.0,7,0.6428571428571428,5,11,0.6363636363636364,0.5636363636363636,7,11,0.6493506493506493,0.6493506493506493
176,0,4,6,1,2,3,5,29.0,11,0.5974025974025974,11,0.4935064935064935,7,0.5714285714285714,22.0,7,0.5454545454545454,5,11,0.4935064935064935,0.5454545454545454,7,11,0.5974025974025974,0.5974025974025974
177,2,0,4,1,3,5,6,29.0,11,0.5584415584415584,11,0.4935064935064935,7,0.5714285714285714,22.0,7,0.525974025974026,5,11,0.4935064935064935,0.45454545454545453,7,11,0.5584415584415584,0.5584415584415584
178,5,3,6,4,2,1,0,29.0,11,0.6233766233766234,11,0.5324675324675325,7,0.5714285714285714,22.0,7,0.577922077922078,5,11,0.5324675324675325,0.6,7,11,0.6233766233766234,0.6233766233766234
179,6,0,4,2,5,1,3,29.0,11,0.5324675324675324,11,0.6233766233766234,7,0.5714285714285714,22.0,7,0.577922077922078,5,11,0.6233766233766234,0.5636363636363637,7,11,0.5324675324675324,0.5324675324675324
180,2,0,3,5,1,4,6,29.0,11,0.5584415584415584,11,0.5714285714285714,7,0.5714285714285714,22.0,7,0.564935064935065,5,11,0.5714285714285714,0.5454545454545454,7,11,0.5584415584415584,0.5584415584415584
181,6,2,3,5,4,1,0,29.0,11,0.5584415584415584,11,0.5844155844155844,7,0.5714285714285714,22.0,7,0.5714285714285714,5,11,0.5844155844155844,0.6181818181818182,7,11,0.5584415584415584,0.5584415584415584
182,6,5,4,1,0,3,2,29.0,11,0.6883116883116882,11,0.6103896103896104,7,0.5714285714285714,22.0,7,0.6493506493506493,5,11,0.6103896103896104,0.6000000000000001,7,11,0.6883116883116882,0.6883116883116882
183,5,2,6,3,4,1,0,29.0,11,0.5844155844155844,11,0.5194805194805194,7,0.5714285714285714,22.0,7,0.551948051948052,5,11,0.5194805194805194,0.5818181818181818,7,11,0.5844155844155844,0.5844155844155844
184,1,3,5,6,4,0,2,29.0,11,0.5194805194805194,11,0.5064935064935066,7,0.5714285714285714,22.0,7,0.512987012987013,5,11,0.5064935064935066,0.6,7,11,0.5194805194805194,0.5194805194805194
185,6,2,1,3,5,0,4,29.0,11,0.5064935064935066,11,0.7272727272727273,7,0.5714285714285714,22.0,7,0.6168831168831168,5,11,0.7272727272727273,0.6545454545454545,7,11,0.5064935064935066,0.5064935064935066
186,0,4,5,6,3,2,1,29.0,11,0.5584415584415584,11,0.44155844155844154,7,0.5714285714285714,22.0,7,0.5,5,11,0.44155844155844154,0.6181818181818182,7,11,0.5584415584415584,0.5584415584415584
187,1,5,6,0,3,4,2,29.0,11,0.6233766233766234,11,0.41558441558441556,7,0.5714285714285714,22.0,7,0.5194805194805194,5,11,0.41558441558441556,0.5454545454545454,7,11,0.6233766233766234,0.6233766233766234
188,0,3,6,2,1,5,4,29.0,11,0.6233766233766234,11,0.41558441558441556,7,0.5714285714285714,22.0,7,0.5194805194805194,5,11,0.41558441558441556,0.509090909090909,7,11,0.6233766233766234,0.6233766233766234
189,6,0,1,4,5,3,2,29.0,11,0.5194805194805194,11,0.6103896103896104,7,0.5714285714285714,22.0,7,0.5649350649350648,5,11,0.6103896103896104,0.5818181818181818,7,11,0.5194805194805194,0.5194805194805194
190,3,6,4,0,5,2,1,29.0,11,0.5844155844155844,11,0.5324675324675324,7,0.5714285714285714,22.0,7,0.5584415584415584,5,11,0.5324675324675324,0.6363636363636364,7,11,0.5844155844155844,0.5844155844155844
191,2,4,1,3,6,0,5,29.0,11,0.4675324675324675,11,0.6753246753246753,7,0.5714285714285714,22.0,7,0.5714285714285714,5,11,0.6753246753246753,0.6727272727272727,7,11,0.4675324675324675,0.4675324675324675
192,6,5,2,4,0,3,1,29.0,11,0.6623376623376622,11,0.6363636363636364,7,0.5714285714285714,22.0,7,0.6493506493506493,5,11,0.6363636363636364,0.6545454545454545,7,11,0.6623376623376622,0.6623376623376622
193,3,4,1,5,6,0,2,29.0,11,0.4805194805194805,11,0.6233766233766234,7,0.5714285714285714,22.0,7,0.551948051948052,5,11,0.6233766233766234,0.6545454545454545,7,11,0.4805194805194805,0.4805194805194805
194,3,0,2,4,5,1,6,29.0,11,0.4675324675324675,11,0.6493506493506493,7,0.5714285714285714,22.0,7,0.5584415584415584,5,11,0.6493506493506493,0.5818181818181818,7,11,0.4675324675324675,0.4675324675324675
195,2,4,3,5,1,6,0,29.0,11,0.6363636363636364,11,0.42857142857142855,7,0.5714285714285714,22.0,7,0.5324675324675325,5,11,0.42857142857142855,0.5636363636363636,7,11,0.6363636363636364,0.6363636363636364
196,5,0,4,2,6,1,3,29.0,11,0.5064935064935066,11,0.5974025974025974,7,0.5714285714285714,22.0,7,0.551948051948052,5,11,0.5974025974025974,0.5636363636363637,7,11,0.5064935064935066,0.5064935064935066
197,1,2,5,4,3,6,0,29.0,11,0.5974025974025974,11,0.33766233766233766,7,0.5714285714285714,22.0,7,0.4675324675324675,5,11,0.33766233766233766,0.4727272727272727,7,11,0.5974025974025974,0.5974025974025974
198,6,1,4,5,3,0,2,29.0,11,0.5584415584415584,11,0.6233766233766234,7,0.5714285714285714,22.0,7,0.5909090909090908,5,11,0.6233766233766234,0.6,7,11,0.5584415584415584,0.5584415584415584
199,0,4,5,6,2,1,3,29.0,11,0.5584415584415584,11,0.5064935064935066,7,0.5714285714285714,22.0,7,0.5324675324675324,5,11,0.5064935064935066,0.6181818181818182,7,11,0.5584415584415584,0.5584415584415584
200,1,6,2,3,0,4,5,29.0,11,0.6233766233766234,11,0.5974025974025974,7,0.5714285714285714,22.0,7,0.6103896103896104,5,11,0.5974025974025974,0.6181818181818182,7,11,0.6233766233766234,0.6233766233766234
201,5,6,0,1,4,3,2,29.0,11,0.5844155844155844,11,0.6493506493506493,7,0.5714285714285714,22.0,7,0.6168831168831168,5,11,0.6493506493506493,0.6545454545454545,7,11,0.5844155844155844,0.5844155844155844
202,6,3,0,4,5,2,1,29.0,11,0.5324675324675324,11,0.6493506493506493,7,0.5714285714285714,22.0,7,0.5909090909090908,5,11,0.6493506493506493,0.6545454545454545,7,11,0.5324675324675324,0.5324675324675324
203,4,0,1,2,3,5,6,29.0,11,0.5454545454545454,11,0.5974025974025974,7,0.5714285714285714,22.0,7,0.5714285714285714,5,11,0.5974025974025974,0.509090909090909,7,11,0.5454545454545454,0.5454545454545454
204,4,0,2,3,1,5,6,29.0,11,0.5844155844155844,11,0.5974025974025974,7,0.5714285714285714,22.0,7,0.5909090909090908,5,11,0.5974025974025974,0.509090909090909,7,11,0.5844155844155844,0.5844155844155844
205,4,3,5,1,2,0,6,29.0,11,0.5844155844155844,11,0.6883116883116882,7,0.5714285714285714,22.0,7,0.6363636363636364,5,11,0.6883116883116882,0.6181818181818182,7,11,0.5844155844155844,0.5844155844155844
206,1,4,0,5,3,2,6,29.0,11,0.5064935064935066,11,0.6623376623376622,7,0.5714285714285714,22.0,7,0.5844155844155844,5,11,0.6623376623376622,0.6727272727272727,7,11,0.5064935064935066,0.5064935064935066
207,3,6,0,2,5,1,4,29.0,11,0.5194805194805194,11,0.7012987012987013,7,0.5714285714285714,22.0,7,0.6103896103896104,5,11,0.7012987012987013,0.6909090909090909,7,11,0.5194805194805194,0.5194805194805194
208,6,0,4,5,3,1,2,29.0,11,0.5584415584415584,11,0.5974025974025974,7,0.5714285714285714,22.0,7,0.577922077922078,5,11,0.5974025974025974,0.5636363636363637,7,11,0.5584415584415584,0.5584415584415584
209,1,2,4,3,6,5,0,29.0,11,0.5324675324675325,11,0.36363636363636365,7,0.5714285714285714,22.0,7,0.44805194805194803,5,11,0.36363636363636365,0.509090909090909,7,11,0.5324675324675325,0.5324675324675325
210,6,5,3,4,1,2,0,29.0,11,0.6493506493506493,11,0.6103896103896104,7,0.5714285714285714,22.0,7,0.6298701298701299,5,11,0.6103896103896104,0.6545454545454545,7,11,0.6493506493506493,0.6493506493506493
211,2,4,1,3,5,0,6,29.0,11,0.4805194805194805,11,0.7012987012987013,7,0.5714285714285714,22.0,7,0.5909090909090908,5,11,0.7012987012987013,0.6727272727272727,7,11,0.4805194805194805,0.4805194805194805
212,3,1,6,2,0,5,4,29.0,11,0.6493506493506493,11,0.4675324675324675,7,0.5714285714285714,22.0,7,0.5584415584415584,5,11,0.4675324675324675,0.509090909090909,7,11,0.6493506493506493,0.6493506493506493
213,1,2,5,4,6,3,0,29.0,11,0.5194805194805194,11,0.40259740259740256,7,0.5714285714285714,22.0,7,0.461038961038961,5,11,0.40259740259740256,0.5636363636363637,7,11,0.5194805194805194,0.5194805194805194
214,5,0,3,1,4,2,6,29.0,11,0.5324675324675324,11,0.6623376623376622,7,0.5714285714285714,22.0,7,0.5974025974025974,5,11,0.6623376623376622,0.5272727272727273,7,11,0.5324675324675324,0.5324675324675324
215,1,0,5,3,4,2,6,29.0,11,0.5064935064935066,11,0.5454545454545454,7,0.5714285714285714,22.0,7,0.525974025974026,5,11,0.5454545454545454,0.5454545454545454,7,11,0.5064935064935066,0.5064935064935066
216,1,4,3,0,5,2,6,29.0,11,0.5194805194805194,11,0.5974025974025974,7,0.5714285714285714,22.0,7,0.5584415584415584,5,11,0.5974025974025974,0.6181818181818182,7,11,0.5194805194805194,0.5194805194805194
217,5,3,6,1,2,0,4,29.0,11,0.6103896103896104,11,0.6493506493506493,7,0.5714285714285714,22.0,7,0.6298701298701298,5,11,0.6493506493506493,0.6181818181818182,7,11,0.6103896103896104,0.6103896103896104
218,5,4,1,0,2,3,6,29.0,11,0.5974025974025974,11,0.7012987012987013,7,0.5714285714285714,22.0,7,0.6493506493506493,5,11,0.7012987012987013,0.5818181818181818,7,11,0.5974025974025974,0.5974025974025974
219,4,1,6,2,3,0,5,29.0,11,0.5584415584415584,11,0.6233766233766234,7,0.5714285714285714,22.0,7,0.5909090909090908,5,11,0.6233766233766234,0.5818181818181818,7,11,0.5584415584415584,0.5584415584415584
220,1,6,0,4,3,5,2,29.0,11,0.5714285714285714,11,0.5324675324675324,7,0.5714285714285714,22.0,7,0.551948051948052,5,11,0.5324675324675324,0.6363636363636364,7,11,0.5714285714285714,0.5714285714285714
221,1,6,2,3,5,0,4,29.0,11,0.5064935064935066,11,0.6363636363636364,7,0.5714285714285714,22.0,7,0.5714285714285714,5,11,0.6363636363636364,0.6909090909090909,7,11,0.5064935064935066,0.5064935064935066
222,0,1,3,5,4,2,6,29.0,11,0.4805194805194805,11,0.5584415584415584,7,0.5714285714285714,22.0,7,0.5194805194805194,5,11,0.5584415584415584,0.5818181818181818,7,11,0.4805194805194805,0.4805194805194805
223,4,0,3,6,2,1,5,29.0,11,0.5324675324675324,11,0.6363636363636362,7,0.5714285714285714,22.0,7,0.5844155844155844,5,11,0.6363636363636362,0.5636363636363637,7,11,0.5324675324675324,0.5324675324675324
224,3,1,4,6,2,5,0,29.0,11,0.5974025974025974,11,0.42857142857142855,7,0.5714285714285714,22.0,7,0.512987012987013,5,11,0.42857142857142855,0.5454545454545454,7,11,0.5974025974025974,0.5974025974025974
225,1,4,2,5,3,0,6,29.0,11,0.5064935064935066,11,0.6623376623376622,7,0.5714285714285714,22.0,7,0.5844155844155844,5,11,0.6623376623376622,0.6727272727272727,7,11,0.5064935064935066,0.5064935064935066
226,3,5,6,2,1,4,0,29.0,11,0.6753246753246753,11,0.44155844155844154,7,0.5714285714285714,22.0,7,0.5584415584415584,5,11,0.44155844155844154,0.5636363636363637,7,11,0.6753246753246753,0.6753246753246753
227,3,1,0,5,2,4,6,29.0,11,0.5324675324675324,11,0.6493506493506493,7,0.5714285714285714,22.0,7,0.5909090909090908,5,11,0.6493506493506493,0.6,7,11,0.5324675324675324,0.5324675324675324
228,0,2,4,5,3,6,1,29.0,11,0.5714285714285714,11,0.36363636363636365,7,0.5714285714285714,22.0,7,0.4675324675324675,5,11,0.36363636363636365,0.509090909090909,7,11,0.5714285714285714,0.5714285714285714
229,4,2,1,6,0,5,3,29.0,11,0.6103896103896104,11,0.5844155844155844,7,0.5714285714285714,22.0,7,0.5974025974025974,5,11,0.5844155844155844,0.6,7,11,0.6103896103896104,0.6103896103896104
230,0,6,5,2,1,3,4,29.0,11,0.6233766233766234,11,0.5194805194805194,7,0.5714285714285714,22.0,7,0.5714285714285714,5,11,0.5194805194805194,0.6000000000000001,7,11,0.6233766233766234,0.6233766233766234
231,5,1,2,3,6,0,4,29.0,11,0.4805194805194805,11,0.6753246753246753,7,0.5714285714285714,22.0,7,0.577922077922078,5,11,0.6753246753246753,0.6181818181818182,7,11,0.4805194805194805,0.4805194805194805
232,0,3,5,4,2,1,6,29.0,11,0.5454545454545454,11,0.5714285714285714,7,0.5714285714285714,22.0,7,0.5584415584415584,5,11,0.5714285714285714,0.6,7,11,0.5454545454545454,0.5454545454545454
233,0,4,3,5,2,1,6,29.0,11,0.5324675324675324,11,0.6103896103896104,7,0.5714285714285714,22.0,7,0.5714285714285714,5,11,0.6103896103896104,0.6545454545454545,7,11,0.5324675324675324,0.5324675324675324
234,6,1,5,0,2,4,3,29.0,11,0.6363636363636364,11,0.5324675324675325,7,0.5714285714285714,22.0,7,0.5844155844155844,5,11,0.5324675324675325,0.4727272727272727,7,11,0.6363636363636364,0.6363636363636364
235,5,2,3,4,1,0,6,29.0,11,0.5714285714285714,11,0.7272727272727273,7,0.5714285714285714,22.0,7,0.6493506493506493,5,11,0.7272727272727273,0.6181818181818182,7,11,0.5714285714285714,0.5714285714285714
236,2,0,3,6,1,4,5,29.0,11,0.5584415584415584,11,0.5454545454545454,7,0.5714285714285714,22.0,7,0.551948051948052,5,11,0.5454545454545454,0.5454545454545454,7,11,0.5584415584415584,0.5584415584415584
237,3,5,1,0,4,2,6,29.0,11,0.5454545454545454,11,0.6883116883116882,7,0.5714285714285714,22.0,7,0.6168831168831168,5,11,0.6883116883116882,0.6181818181818182,7,11,0.5454545454545454,0.5454545454545454
238,4,5,1,0,3,6,2,29.0,11,0.6233766233766234,11,0.5064935064935066,7,0.5714285714285714,22.0,7,0.5649350649350648,5,11,0.5064935064935066,0.5272727272727273,7,11,0.6233766233766234,0.6233766233766234
239,5,6,4,0,1,2,3,29.0,11,0.6623376623376622,11,0.6363636363636364,7,0.5714285714285714,22.0,7,0.6493506493506493,5,11,0.6363636363636364,0.5818181818181818,7,11,0.6623376623376622,0.6623376623376622
240,5,1,4,3,2,6,0,29.0,11,0.6363636363636364,11,0.42857142857142855,7,0.5714285714285714,22.0,7,0.5324675324675325,5,11,0.42857142857142855,0.4727272727272727,7,11,0.6363636363636364,0.6363636363636364
241,1,6,0,3,2,5,4,29.0,11,0.5844155844155844,11,0.5714285714285714,7,0.5714285714285714,22.0,7,0.577922077922078,5,11,0.5714285714285714,0.6363636363636364,7,11,0.5844155844155844,0.5844155844155844
242,4,5,6,3,1,2,0,29.0,11,0.6623376623376622,11,0.5194805194805194,7,0.5714285714285714,22.0,7,0.5909090909090908,5,11,0.5194805194805194,0.6,7,11,0.6623376623376622,0.6623376623376622
243,4,1,2,5,0,3,6,29.0,11,0.5844155844155844,11,0.6623376623376622,7,0.5714285714285714,22.0,7,0.6233766233766234,5,11,0.6623376623376622,0.5636363636363637,7,11,0.5844155844155844,0.5844155844155844
244,2,4,6,5,1,0,3,29.0,11,0.5974025974025974,11,0.5584415584415585,7,0.5714285714285714,22.0,7,0.577922077922078,5,11,0.5584415584415585,0.6,7,11,0.5974025974025974,0.5974025974025974
245,6,0,3,2,5,4,1,29.0,11,0.5584415584415584,11,0.5194805194805194,7,0.5714285714285714,22.0,7,0.5389610389610389,5,11,0.5194805194805194,0.509090909090909,7,11,0.5584415584415584,0.5584415584415584
246,1,3,0,4,2,5,6,29.0,11,0.5454545454545454,11,0.5974025974025974,7,0.5714285714285714,22.0,7,0.5714285714285714,5,11,0.5974025974025974,0.5818181818181818,7,11,0.5454545454545454,0.5454545454545454
247,6,4,2,1,3,0,5,29.0,11,0.5714285714285714,11,0.7662337662337662,7,0.5714285714285714,22.0,7,0.6688311688311688,5,11,0.7662337662337662,0.6727272727272727,7,11,0.5714285714285714,0.5714285714285714
248,3,1,6,4,0,2,5,29.0,11,0.6103896103896104,11,0.5714285714285714,7,0.5714285714285714,22.0,7,0.5909090909090908,5,11,0.5714285714285714,0.5454545454545454,7,11,0.6103896103896104,0.6103896103896104
249,6,5,3,4,0,2,1,29.0,11,0.6623376623376622,11,0.6363636363636364,7,0.5714285714285714,22.0,7,0.6493506493506493,5,11,0.6363636363636364,0.6545454545454545,7,11,0.6623376623376622,0.6623376623376622
250,6,5,4,3,1,2,0,29.0,11,0.6623376623376622,11,0.5974025974025974,7,0.5714285714285714,22.0,7,0.6298701298701299,5,11,0.5974025974025974,0.6363636363636364,7,11,0.6623376623376622,0.6623376623376622
251,0,4,5,1,3,6,2,29.0,11,0.6103896103896104,11,0.35064935064935066,7,0.5714285714285714,22.0,7,0.4805194805194805,5,11,0.35064935064935066,0.4727272727272727,7,11,0.6103896103896104,0.6103896103896104
252,3,2,1,4,6,5,0,29.0,11,0.5194805194805194,11,0.4675324675324675,7,0.5714285714285714,22.0,7,0.4935064935064935,5,11,0.4675324675324675,0.5818181818181818,7,11,0.5194805194805194,0.5194805194805194
253,4,5,1,2,0,6,3,29.0,11,0.6623376623376622,11,0.5584415584415585,7,0.5714285714285714,22.0,7,0.6103896103896103,5,11,0.5584415584415585,0.5636363636363636,7,11,0.6623376623376622,0.6623376623376622
254,6,3,2,4,0,1,5,29.0,11,0.6103896103896104,11,0.7402597402597402,7,0.5714285714285714,22.0,7,0.6753246753246753,5,11,0.7402597402597402,0.6363636363636364,7,11,0.6103896103896104,0.6103896103896104
255,0,6,4,1,5,2,3,29.0,11,0.5454545454545454,11,0.5194805194805194,7,0.5714285714285714,22.0,7,0.5324675324675324,5,11,0.5194805194805194,0.6363636363636364,7,11,0.5454545454545454,0.5454545454545454
256,2,6,4,0,5,3,1,29.0,11,0.5844155844155844,11,0.4805194805194805,7,0.5714285714285714,22.0,7,0.5324675324675324,5,11,0.4805194805194805,0.6363636363636364,7,11,0.5844155844155844,0.5844155844155844
257,3,1,2,6,4,0,5,29.0,11,0.4805194805194805,11,0.6493506493506493,7,0.5714285714285714,22.0,7,0.5649350649350648,5,11,0.6493506493506493,0.6181818181818182,7,11,0.4805194805194805,0.4805194805194805
258,4,5,1,2,6,3,0,29.0,11,0.5454545454545454,11,0.5584415584415584,7,0.5714285714285714,22.0,7,0.551948051948052,5,11,0.5584415584415584,0.6363636363636364,7,11,0.5454545454545454,0.5454545454545454
259,5,2,3,4,1,6,0,29.0,11,0.6493506493506493,11,0.4675324675324675,7,0.5714285714285714,22.0,7,0.5584415584415585,5,11,0.4675324675324675,0.5272727272727273,7,11,0.6493506493506493,0.6493506493506493
260,5,0,2,3,1,4,6,29.0,11,0.5844155844155844,11,0.6493506493506493,7,0.5714285714285714,22.0,7,0.6168831168831168,5,11,0.6493506493506493,0.509090909090909,7,11,0.5844155844155844,0.5844155844155844
261,6,0,1,3,2,4,5,29.0,11,0.5714285714285714,11,0.6623376623376622,7,0.5714285714285714,22.0,7,0.6168831168831168,5,11,0.6623376623376622,0.5272727272727273,7,11,0.5714285714285714,0.5714285714285714
262,1,3,2,0,5,4,6,29.0,11,0.5194805194805194,11,0.5454545454545454,7,0.5714285714285714,22.0,7,0.5324675324675324,5,11,0.5454545454545454,0.5454545454545454,7,11,0.5194805194805194,0.5194805194805194
263,4,1,3,5,6,2,0,29.0,11,0.5064935064935066,11,0.5064935064935066,7,0.5714285714285714,22.0,7,0.5064935064935066,5,11,0.5064935064935066,0.5818181818181818,7,11,0.5064935064935066,0.5064935064935066
264,3,4,6,5,0,1,2,29.0,11,0.6363636363636364,11,0.5454545454545454,7,0.5714285714285714,22.0,7,0.5909090909090908,5,11,0.5454545454545454,0.5818181818181818,7,11,0.6363636363636364,0.6363636363636364
265,2,6,5,4,0,3,1,29.0,11,0.6623376623376622,11,0.5064935064935066,7,0.5714285714285714,22.0,7,0.5844155844155844,5,11,0.5064935064935066,0.6363636363636364,7,11,0.6623376623376622,0.6623376623376622
266,2,5,3,0,4,6,1,29.0,11,0.6103896103896104,11,0.40259740259740256,7,0.5714285714285714,22.0,7,0.5064935064935066,5,11,0.40259740259740256,0.5272727272727273,7,11,0.6103896103896104,0.6103896103896104
267,1,5,4,0,3,6,2,29.0,11,0.6233766233766234,11,0.38961038961038963,7,0.5714285714285714,22.0,7,0.5064935064935066,5,11,0.38961038961038963,0.509090909090909,7,11,0.6233766233766234,0.6233766233766234
268,2,6,3,5,1,4,0,29.0,11,0.6363636363636364,11,0.4935064935064935,7,0.5714285714285714,22.0,7,0.564935064935065,5,11,0.4935064935064935,0.6545454545454545,7,11,0.6363636363636364,0.6363636363636364
269,1,6,2,0,3,4,5,29.0,11,0.5844155844155844,11,0.5584415584415584,7,0.5714285714285714,22.0,7,0.5714285714285714,5,11,0.5584415584415584,0.5818181818181818,7,11,0.5844155844155844,0.5844155844155844
270,3,6,1,5,4,0,2,29.0,11,0.5324675324675324,11,0.6493506493506493,7,0.5714285714285714,22.0,7,0.5909090909090908,5,11,0.6493506493506493,0.6909090909090909,7,11,0.5324675324675324,0.5324675324675324
271,1,6,5,2,4,0,3,29.0,11,0.5584415584415584,11,0.5714285714285714,7,0.5714285714285714,22.0,7,0.564935064935065,5,11,0.5714285714285714,0.6545454545454545,7,11,0.5584415584415584,0.5584415584415584
272,1,5,3,4,6,2,0,29.0,11,0.5194805194805194,11,0.4805194805194805,7,0.5714285714285714,22.0,7,0.5,5,11,0.4805194805194805,0.6727272727272727,7,11,0.5194805194805194,0.5194805194805194
273,1,5,2,4,0,6,3,29.0,11,0.6363636363636364,11,0.4935064935064935,7,0.5714285714285714,22.0,7,0.5649350649350648,5,11,0.4935064935064935,0.5636363636363636,7,11,0.6363636363636364,0.6363636363636364
274,0,5,1,4,3,6,2,29.0,11,0.5714285714285714,11,0.45454545454545453,7,0.5714285714285714,22.0,7,0.5129870129870129,5,11,0.45454545454545453,0.5818181818181818,7,11,0.5714285714285714,0.5714285714285714
275,1,6,0,5,2,4,3,29.0,11,0.5714285714285714,11,0.5844155844155844,7,0.5714285714285714,22.0,7,0.577922077922078,5,11,0.5844155844155844,0.6727272727272727,7,11,0.5714285714285714,0.5714285714285714
276,6,5,0,4,1,3,2,29.0,11,0.6233766233766234,11,0.6883116883116882,7,0.5714285714285714,22.0,7,0.6558441558441559,5,11,0.6883116883116882,0.6727272727272727,7,11,0.6233766233766234,0.6233766233766234
277,0,6,5,3,2,4,1,29.0,11,0.6233766233766234,11,0.42857142857142855,7,0.5714285714285714,22.0,7,0.525974025974026,5,11,0.42857142857142855,0.6000000000000001,7,11,0.6233766233766234,0.6233766233766234
278,4,0,2,6,5,3,1,29.0,11,0.5064935064935066,11,0.5194805194805194,7,0.5714285714285714,22.0,7,0.512987012987013,5,11,0.5194805194805194,0.5818181818181818,7,11,0.5064935064935066,0.5064935064935066
279,1,0,2,6,5,4,3,29.0,11,0.4805194805194805,11,0.4805194805194805,7,0.5714285714285714,22.0,7,0.4805194805194805,5,11,0.4805194805194805,0.5818181818181818,7,11,0.4805194805194805,0.4805194805194805
280,2,1,3,4,0,6,5,29.0,11,0.6103896103896104,11,0.5064935064935066,7,0.5714285714285714,22.0,7,0.5584415584415584,5,11,0.5064935064935066,0.5272727272727273,7,11,0.6103896103896104,0.6103896103896104
281,4,0,6,2,1,5,3,29.0,11,0.6363636363636364,11,0.45454545454545453,7,0.5714285714285714,22.0,7,0.5454545454545454,5,11,0.45454545454545453,0.4909090909090909,7,11,0.6363636363636364,0.6363636363636364
282,4,1,5,2,3,0,6,29.0,11,0.5454545454545454,11,0.6623376623376622,7,0.5714285714285714,22.0,7,0.6038961038961039,5,11,0.6623376623376622,0.5818181818181818,7,11,0.5454545454545454,0.5454545454545454
283,3,2,4,5,0,6,1,29.0,11,0.6493506493506493,11,0.44155844155844154,7,0.5714285714285714,22.0,7,0.5454545454545454,5,11,0.44155844155844154,0.5272727272727273,7,11,0.6493506493506493,0.6493506493506493
284,4,0,5,1,6,3,2,29.0,11,0.5324675324675325,11,0.4805194805194805,7,0.5714285714285714,22.0,7,0.5064935064935066,5,11,0.4805194805194805,0.5272727272727273,7,11,0.5324675324675325,0.5324675324675325
285,0,2,6,3,5,1,4,29.0,11,0.5064935064935066,11,0.4935064935064935,7,0.5714285714285714,22.0,7,0.5,5,11,0.4935064935064935,0.5818181818181818,7,11,0.5064935064935066,0.5064935064935066
286,3,0,2,6,4,5,1,29.0,11,0.5324675324675324,11,0.4675324675324675,7,0.5714285714285714,22.0,7,0.5,5,11,0.4675324675324675,0.5636363636363637,7,11,0.5324675324675324,0.5324675324675324
287,4,6,1,0,2,3,5,29.0,11,0.6103896103896104,11,0.6753246753246753,7,0.5714285714285714,22.0,7,0.6428571428571428,5,11,0.6753246753246753,0.5818181818181818,7,11,0.6103896103896104,0.6103896103896104
288,1,2,3,4,5,6,0,29.0,11,0.5454545454545454,11,0.36363636363636365,7,0.5714285714285714,22.0,7,0.45454545454545453,5,11,0.36363636363636365,0.509090909090909,7,11,0.5454545454545454,0.5454545454545454
289,5,1,2,4,3,6,0,29.0,11,0.5974025974025974,11,0.4675324675324675,7,0.5714285714285714,22.0,7,0.5324675324675325,5,11,0.4675324675324675,0.5272727272727273,7,11,0.5974025974025974,0.5974025974025974
290,3,1,4,0,6,2,5,29.0,11,0.5064935064935066,11,0.5714285714285714,7,0.5714285714285714,22.0,7,0.5389610389610389,5,11,0.5714285714285714,0.5272727272727273,7,11,0.5064935064935066,0.5064935064935066
291,4,5,1,6,2,0,3,29.0,11,0.5584415584415584,11,0.6883116883116884,7,0.5714285714285714,22.0,7,0.6233766233766234,5,11,0.6883116883116884,0.6727272727272727,7,11,0.5584415584415584,0.5584415584415584
292,6,0,5,4,1,2,3,29.0,11,0.6103896103896104,11,0.5974025974025974,7,0.5714285714285714,22.0,7,0.6038961038961039,5,11,0.5974025974025974,0.5272727272727273,7,11,0.6103896103896104,0.6103896103896104
293,6,3,5,0,1,2,4,29.0,11,0.6493506493506493,11,0.6363636363636364,7,0.5714285714285714,22.0,7,0.6428571428571428,5,11,0.6363636363636364,0.5454545454545454,7,11,0.6493506493506493,0.6493506493506493
294,1,5,2,0,6,3,4,29.0,11,0.5194805194805194,11,0.5454545454545454,7,0.5714285714285714,22.0,7,0.5324675324675325,5,11,0.5454545454545454,0.6000000000000001,7,11,0.5194805194805194,0.5194805194805194
295,6,2,1,5,4,3,0,29.0,11,0.5584415584415584,11,0.5844155844155844,7,0.5714285714285714,22.0,7,0.5714285714285714,5,11,0.5844155844155844,0.6181818181818182,7,11,0.5584415584415584,0.5584415584415584
296,0,3,1,5,6,2,4,29.0,11,0.45454545454545453,11,0.5584415584415584,7,0.5714285714285714,22.0,7,0.5064935064935066,5,11,0.5584415584415584,0.6545454545454545,7,11,0.45454545454545453,0.45454545454545453
297,1,5,0,3,6,4,2,29.0,11,0.5064935064935066,11,0.5324675324675324,7,0.5714285714285714,22.0,7,0.5194805194805194,5,11,0.5324675324675324,0.6363636363636364,7,11,0.5064935064935066,0.5064935064935066
298,0,2,5,4,6,1,3,29.0,11,0.4805194805194805,11,0.4805194805194805,7,0.5714285714285714,22.0,7,0.4805194805194805,5,11,0.4805194805194805,0.6,7,11,0.4805194805194805,0.4805194805194805
299,1,6,4,0,3,5,2,29.0,11,0.6233766233766234,11,0.42857142857142855,7,0.5714285714285714,22.0,7,0.525974025974026,5,11,0.42857142857142855,0.5636363636363637,7,11,0.6233766233766234,0.6233766233766234
300,1,6,3,2,0,5,4,29.0,11,0.6493506493506493,11,0.5194805194805194,7,0.5714285714285714,22.0,7,0.5844155844155844,5,11,0.5194805194805194,0.5818181818181818,7,11,0.6493506493506493,0.6493506493506493
301,6,1,5,4,3,2,0,29.0,11,0.5974025974025974,11,0.5324675324675325,7,0.5714285714285714,22.0,7,0.5649350649350648,5,11,0.5324675324675325,0.5454545454545454,7,11,0.5974025974025974,0.5974025974025974
302,6,5,1,0,4,2,3,29.0,11,0.5844155844155844,11,0.6883116883116882,7,0.5714285714285714,22.0,7,0.6363636363636364,5,11,0.6883116883116882,0.6181818181818182,7,11,0.5844155844155844,0.5844155844155844
303,4,3,6,1,5,0,2,29.0,11,0.5584415584415584,11,0.5714285714285714,7,0.5714285714285714,22.0,7,0.5649350649350648,5,11,0.5714285714285714,0.6,7,11,0.5584415584415584,0.5584415584415584
304,0,6,5,2,4,3,1,29.0,11,0.5844155844155844,11,0.44155844155844154,7,0.5714285714285714,22.0,7,0.5129870129870129,5,11,0.44155844155844154,0.6181818181818182,7,11,0.5844155844155844,0.5844155844155844
305,0,6,4,3,5,1,2,29.0,11,0.5324675324675324,11,0.5194805194805194,7,0.5714285714285714,22.0,7,0.525974025974026,5,11,0.5194805194805194,0.6727272727272727,7,11,0.5324675324675324,0.5324675324675324
306,1,3,5,6,2,4,0,29.0,11,0.5974025974025974,11,0.40259740259740256,7,0.5714285714285714,22.0,7,0.5,5,11,0.40259740259740256,0.5636363636363637,7,11,0.5974025974025974,0.5974025974025974
307,3,6,0,1,2,4,5,29.0,11,0.5974025974025974,11,0.6493506493506493,7,0.5714285714285714,22.0,7,0.6233766233766234,5,11,0.6493506493506493,0.6181818181818182,7,11,0.5974025974025974,0.5974025974025974
308,2,5,1,4,0,6,3,29.0,11,0.6363636363636364,11,0.5324675324675325,7,0.5714285714285714,22.0,7,0.5844155844155844,5,11,0.5324675324675325,0.5636363636363636,7,11,0.6363636363636364,0.6363636363636364
309,1,0,5,4,3,2,6,29.0,11,0.5194805194805194,11,0.5454545454545454,7,0.5714285714285714,22.0,7,0.5324675324675324,5,11,0.5454545454545454,0.5454545454545454,7,11,0.5194805194805194,0.5194805194805194
310,5,1,2,3,4,6,0,29.0,11,0.5844155844155844,11,0.45454545454545453,7,0.5714285714285714,22.0,7,0.5194805194805194,5,11,0.45454545454545453,0.509090909090909,7,11,0.5844155844155844,0.5844155844155844
311,4,3,0,6,1,2,5,29.0,11,0.5584415584415584,11,0.7012987012987013,7,0.5714285714285714,22.0,7,0.6298701298701299,5,11,0.7012987012987013,0.6545454545454545,7,11,0.5584415584415584,0.5584415584415584
312,0,1,3,2,6,5,4,29.0,11,0.4935064935064935,11,0.42857142857142855,7,0.5714285714285714,22.0,7,0.461038961038961,5,11,0.42857142857142855,0.509090909090909,7,11,0.4935064935064935,0.4935064935064935
313,3,1,0,5,6,4,2,29.0,11,0.4805194805194805,11,0.5454545454545454,7,0.5714285714285714,22.0,7,0.5129870129870129,5,11,0.5454545454545454,0.6181818181818182,7,11,0.4805194805194805,0.4805194805194805
314,3,6,2,4,0,5,1,29.0,11,0.6623376623376622,11,0.5324675324675324,7,0.5714285714285714,22.0,7,0.5974025974025974,5,11,0.5324675324675324,0.6181818181818182,7,11,0.6623376623376622,0.6623376623376622
315,5,3,6,0,4,1,2,29.0,11,0.5974025974025974,11,0.5714285714285714,7,0.5714285714285714,22.0,7,0.5844155844155844,5,11,0.5714285714285714,0.5636363636363637,7,11,0.5974025974025974,0.5974025974025974
316,4,0,1,3,5,6,2,29.0,11,0.5324675324675324,11,0.4805194805194805,7,0.5714285714285714,22.0,7,0.5064935064935066,5,11,0.4805194805194805,0.509090909090909,7,11,0.5324675324675324,0.5324675324675324
317,5,2,6,0,3,1,4,29.0,11,0.5974025974025974,11,0.6103896103896105,7,0.5714285714285714,22.0,7,0.6038961038961039,5,11,0.6103896103896105,0.5636363636363637,7,11,0.5974025974025974,0.5974025974025974
318,3,1,5,4,6,0,2,29.0,11,0.4935064935064935,11,0.5324675324675324,7,0.5714285714285714,22.0,7,0.5129870129870129,5,11,0.5324675324675324,0.6,7,11,0.4935064935064935,0.4935064935064935
319,0,2,1,3,5,4,6,29.0,11,0.4805194805194805,11,0.5584415584415584,7,0.5714285714285714,22.0,7,0.5194805194805194,5,11,0.5584415584415584,0.5818181818181818,7,11,0.4805194805194805,0.4805194805194805
320,0,2,1,6,5,4,3,29.0,11,0.4805194805194805,11,0.4935064935064935,7,0.5714285714285714,22.0,7,0.487012987012987,5,11,0.4935064935064935,0.6181818181818182,7,11,0.4805194805194805,0.4805194805194805
321,1,5,2,6,3,4,0,29.0,11,0.5714285714285714,11,0.4675324675324675,7,0.5714285714285714,22.0,7,0.5194805194805194,5,11,0.4675324675324675,0.6545454545454545,7,11,0.5714285714285714,0.5714285714285714
322,2,1,0,3,6,5,4,29.0,11,0.4805194805194805,11,0.5324675324675324,7,0.5714285714285714,22.0,7,0.5064935064935066,5,11,0.5324675324675324,0.5818181818181818,7,11,0.4805194805194805,0.4805194805194805
323,1,4,3,2,5,6,0,29.0,11,0.5714285714285714,11,0.36363636363636365,7,0.5714285714285714,22.0,7,0.4675324675324675,5,11,0.36363636363636365,0.509090909090909,7,11,0.5714285714285714,0.5714285714285714
324,3,0,2,6,5,4,1,29.0,11,0.5064935064935066,11,0.4805194805194805,7,0.5714285714285714,22.0,7,0.4935064935064935,5,11,0.4805194805194805,0.5818181818181818,7,11,0.5064935064935066,0.5064935064935066
325,6,2,0,1,3,4,5,29.0,11,0.5714285714285714,11,0.6753246753246753,7,0.5714285714285714,22.0,7,0.6233766233766234,5,11,0.6753246753246753,0.5454545454545454,7,11,0.5714285714285714,0.5714285714285714
326,0,1,3,4,6,5,2,29.0,11,0.4935064935064935,11,0.40259740259740256,7,0.5714285714285714,22.0,7,0.44805194805194803,5,11,0.40259740259740256,0.5454545454545454,7,11,0.4935064935064935,0.4935064935064935
327,3,1,6,2,0,4,5,29.0,11,0.6363636363636364,11,0.5194805194805194,7,0.5714285714285714,22.0,7,0.577922077922078,5,11,0.5194805194805194,0.509090909090909,7,11,0.6363636363636364,0.6363636363636364
328,1,5,4,2,6,3,0,29.0,11,0.5454545454545454,11,0.44155844155844154,7,0.5714285714285714,22.0,7,0.4935064935064935,5,11,0.44155844155844154,0.6181818181818182,7,11,0.5454545454545454,0.5454545454545454
329,2,0,5,6,1,3,4,29.0,11,0.5714285714285714,11,0.5064935064935066,7,0.5714285714285714,22.0,7,0.538961038961039,5,11,0.5064935064935066,0.5454545454545454,7,11,0.5714285714285714,0.5714285714285714
330,2,3,1,5,4,6,0,29.0,11,0.5584415584415584,11,0.44155844155844154,7,0.5714285714285714,22.0,7,0.5,5,11,0.44155844155844154,0.5636363636363636,7,11,0.5584415584415584,0.5584415584415584
331,1,5,6,0,4,2,3,29.0,11,0.5844155844155844,11,0.4935064935064935,7,0.5714285714285714,22.0,7,0.538961038961039,5,11,0.4935064935064935,0.5818181818181818,7,11,0.5844155844155844,0.5844155844155844
332,5,0,4,6,3,1,2,29.0,11,0.5454545454545454,11,0.5714285714285714,7,0.5714285714285714,22.0,7,0.5584415584415584,5,11,0.5714285714285714,0.5636363636363637,7,11,0.5454545454545454,0.5454545454545454
333,3,2,6,0,4,5,1,29.0,11,0.6103896103896104,11,0.37662337662337664,7,0.5714285714285714,22.0,7,0.4935064935064935,5,11,0.37662337662337664,0.4727272727272727,7,11,0.6103896103896104,0.6103896103896104
334,0,2,3,4,1,6,5,29.0,11,0.5844155844155844,11,0.4675324675324675,7,0.5714285714285714,22.0,7,0.525974025974026,5,11,0.4675324675324675,0.5272727272727273,7,11,0.5844155844155844,0.5844155844155844
335,0,5,3,2,1,4,6,29.0,11,0.5974025974025974,11,0.5584415584415584,7,0.5714285714285714,22.0,7,0.577922077922078,5,11,0.5584415584415584,0.5818181818181818,7,11,0.5974025974025974,0.5974025974025974
336,3,5,6,1,0,2,4,29.0,11,0.6623376623376622,11,0.5844155844155845,7,0.5714285714285714,22.0,7,0.6233766233766234,5,11,0.5844155844155845,0.5636363636363637,7,11,0.6623376623376622,0.6623376623376622
337,3,1,2,0,5,4,6,29.0,11,0.5194805194805194,11,0.5714285714285714,7,0.5714285714285714,22.0,7,0.5454545454545454,5,11,0.5714285714285714,0.509090909090909,7,11,0.5194805194805194,0.5194805194805194
338,2,3,0,4,1,5,6,29.0,11,0.5714285714285714,11,0.6233766233766234,7,0.5714285714285714,22.0,7,0.5974025974025974,5,11,0.6233766233766234,0.5818181818181818,7,11,0.5714285714285714,0.5714285714285714
339,1,0,3,4,6,5,2,29.0,11,0.4935064935064935,11,0.41558441558441556,7,0.5714285714285714,22.0,7,0.45454545454545453,5,11,0.41558441558441556,0.5454545454545454,7,11,0.4935064935064935,0.4935064935064935
340,3,6,0,2,4,5,1,29.0,11,0.5844155844155844,11,0.5324675324675324,7,0.5714285714285714,22.0,7,0.5584415584415584,5,11,0.5324675324675324,0.6181818181818182,7,11,0.5844155844155844,0.5844155844155844
341,2,0,5,3,4,1,6,29.0,11,0.5064935064935066,11,0.5844155844155844,7,0.5714285714285714,22.0,7,0.5454545454545454,5,11,0.5844155844155844,0.5454545454545454,7,11,0.5064935064935066,0.5064935064935066
342,5,0,4,1,2,3,6,29.0,11,0.5844155844155844,11,0.6233766233766234,7,0.5714285714285714,22.0,7,0.6038961038961039,5,11,0.6233766233766234,0.4727272727272727,7,11,0.5844155844155844,0.5844155844155844
343,5,4,6,1,3,2,0,29.0,11,0.6363636363636364,11,0.5194805194805194,7,0.5714285714285714,22.0,7,0.577922077922078,5,11,0.5194805194805194,0.5818181818181818,7,11,0.6363636363636364,0.6363636363636364
344,6,1,2,4,3,5,0,29.0,11,0.5974025974025974,11,0.5194805194805194,7,0.5714285714285714,22.0,7,0.5584415584415585,5,11,0.5194805194805194,0.5272727272727273,7,11,0.5974025974025974,0.5974025974025974
345,4,5,0,3,1,2,6,29.0,11,0.5844155844155844,11,0.7532467532467533,7,0.5714285714285714,22.0,7,0.6688311688311688,5,11,0.7532467532467533,0.6727272727272727,7,11,0.5844155844155844,0.5844155844155844
346,4,5,6,0,1,2,3,29.0,11,0.6623376623376622,11,0.5714285714285714,7,0.5714285714285714,22.0,7,0.6168831168831169,5,11,0.5714285714285714,0.5454545454545454,7,11,0.6623376623376622,0.6623376623376622
347,3,5,0,6,4,2,1,29.0,11,0.5324675324675324,11,0.5974025974025974,7,0.5714285714285714,22.0,7,0.5649350649350648,5,11,0.5974025974025974,0.6727272727272727,7,11,0.5324675324675324,0.5324675324675324
348,0,5,1,6,3,4,2,29.0,11,0.5454545454545454,11,0.5064935064935066,7,0.5714285714285714,22.0,7,0.525974025974026,5,11,0.5064935064935066,0.6545454545454545,7,11,0.5454545454545454,0.5454545454545454
349,5,4,1,3,2,6,0,29.0,11,0.6363636363636364,11,0.5064935064935066,7,0.5714285714285714,22.0,7,0.5714285714285714,5,11,0.5064935064935066,0.5818181818181818,7,11,0.6363636363636364,0.6363636363636364
350,4,6,0,5,3,1,2,29.0,11,0.5584415584415584,11,0.6753246753246753,7,0.5714285714285714,22.0,7,0.6168831168831168,5,11,0.6753246753246753,0.6909090909090909,7,11,0.5584415584415584,0.5584415584415584
351,1,6,0,4,2,3,5,29.0,11,0.5584415584415584,11,0.6493506493506493,7,0.5714285714285714,22.0,7,0.6038961038961039,5,11,0.6493506493506493,0.6727272727272727,7,11,0.5584415584415584,0.5584415584415584
352,6,5,3,4,2,1,0,29.0,11,0.6233766233766234,11,0.6233766233766234,7,0.5714285714285714,22.0,7,0.6233766233766234,5,11,0.6233766233766234,0.6727272727272727,7,11,0.6233766233766234,0.6233766233766234
353,1,2,4,5,3,6,0,29.0,11,0.5844155844155844,11,0.36363636363636365,7,0.5714285714285714,22.0,7,0.474025974025974,5,11,0.36363636363636365,0.509090909090909,7,11,0.5844155844155844,0.5844155844155844
354,2,0,1,4,6,5,3,29.0,11,0.4805194805194805,11,0.4935064935064935,7,0.5714285714285714,22.0,7,0.487012987012987,5,11,0.4935064935064935,0.5454545454545454,7,11,0.4805194805194805,0.4805194805194805
355,2,6,5,4,0,1,3,29.0,11,0.6363636363636364,11,0.5844155844155844,7,0.5714285714285714,22.0,7,0.6103896103896104,5,11,0.5844155844155844,0.6363636363636364,7,11,0.6363636363636364,0.6363636363636364
356,3,0,1,2,6,4,5,29.0,11,0.4805194805194805,11,0.5714285714285714,7,0.5714285714285714,22.0,7,0.525974025974026,5,11,0.5714285714285714,0.5454545454545454,7,11,0.4805194805194805,0.4805194805194805
357,3,6,4,1,2,0,5,29.0,11,0.5974025974025974,11,0.6883116883116882,7,0.5714285714285714,22.0,7,0.6428571428571428,5,11,0.6883116883116882,0.6545454545454545,7,11,0.5974025974025974,0.5974025974025974
358,2,0,5,4,6,3,1,29.0,11,0.5064935064935066,11,0.42857142857142855,7,0.5714285714285714,22.0,7,0.4675324675324675,5,11,0.42857142857142855,0.5636363636363637,7,11,0.5064935064935066,0.5064935064935066
359,6,4,3,2,1,5,0,29.0,11,0.6753246753246753,11,0.5194805194805194,7,0.5714285714285714,22.0,7,0.5974025974025974,5,11,0.5194805194805194,0.5272727272727273,7,11,0.6753246753246753,0.6753246753246753
360,5,2,3,0,4,1,6,29.0,11,0.5454545454545454,11,0.7012987012987013,7,0.5714285714285714,22.0,7,0.6233766233766234,5,11,0.7012987012987013,0.5818181818181818,7,11,0.5454545454545454,0.5454545454545454
361,2,0,1,3,4,5,6,29.0,11,0.5064935064935066,11,0.5584415584415584,7,0.5714285714285714,22.0,7,0.5324675324675324,5,11,0.5584415584415584,0.509090909090909,7,11,0.5064935064935066,0.5064935064935066
362,0,5,6,4,1,2,3,29.0,11,0.6103896103896104,11,0.4935064935064935,7,0.5714285714285714,22.0,7,0.551948051948052,5,11,0.4935064935064935,0.6,7,11,0.6103896103896104,0.6103896103896104
363,0,2,4,6,5,1,3,29.0,11,0.4805194805194805,11,0.4935064935064935,7,0.5714285714285714,22.0,7,0.487012987012987,5,11,0.4935064935064935,0.6181818181818182,7,11,0.4805194805194805,0.4805194805194805
364,6,1,2,5,4,0,3,29.0,11,0.5194805194805194,11,0.6753246753246753,7,0.5714285714285714,22.0,7,0.5974025974025974,5,11,0.6753246753246753,0.6181818181818182,7,11,0.5194805194805194,0.5194805194805194
365,2,5,6,3,4,0,1,29.0,11,0.5714285714285714,11,0.5194805194805194,7,0.5714285714285714,22.0,7,0.5454545454545454,5,11,0.5194805194805194,0.6181818181818182,7,11,0.5714285714285714,0.5714285714285714
366,0,2,6,4,5,1,3,29.0,11,0.5064935064935066,11,0.4675324675324675,7,0.5714285714285714,22.0,7,0.487012987012987,5,11,0.4675324675324675,0.5818181818181818,7,11,0.5064935064935066,0.5064935064935066
367,6,1,5,3,2,0,4,29.0,11,0.5844155844155844,11,0.6623376623376622,7,0.5714285714285714,22.0,7,0.6233766233766234,5,11,0.6623376623376622,0.5818181818181818,7,11,0.5844155844155844,0.5844155844155844
368,4,6,5,0,3,1,2,29.0,11,0.6233766233766234,11,0.5974025974025974,7,0.5714285714285714,22.0,7,0.6103896103896104,5,11,0.5974025974025974,0.6181818181818182,7,11,0.6233766233766234,0.6233766233766234
369,6,1,0,4,2,5,3,29.0,11,0.5844155844155844,11,0.6233766233766234,7,0.5714285714285714,22.0,7,0.6038961038961039,5,11,0.6233766233766234,0.5636363636363636,7,11,0.5844155844155844,0.5844155844155844
370,1,3,4,5,6,2,0,29.0,11,0.5064935064935066,11,0.44155844155844154,7,0.5714285714285714,22.0,7,0.474025974025974,5,11,0.44155844155844154,0.6181818181818182,7,11,0.5064935064935066,0.5064935064935066
371,0,5,6,3,4,2,1,29.0,11,0.5714285714285714,11,0.44155844155844154,7,0.5714285714285714,22.0,7,0.5064935064935066,5,11,0.44155844155844154,0.6181818181818182,7,11,0.5714285714285714,0.5714285714285714
372,5,3,2,0,4,1,6,29.0,11,0.5454545454545454,11,0.7272727272727273,7,0.5714285714285714,22.0,7,0.6363636363636364,5,11,0.7272727272727273,0.6181818181818182,7,11,0.5454545454545454,0.5454545454545454
373,4,1,2,3,0,6,5,29.0,11,0.6233766233766234,11,0.5584415584415585,7,0.5714285714285714,22.0,7,0.5909090909090908,5,11,0.5584415584415585,0.5272727272727273,7,11,0.6233766233766234,0.6233766233766234
374,6,5,4,1,3,2,0,29.0,11,0.6363636363636364,11,0.5844155844155844,7,0.5714285714285714,22.0,7,0.6103896103896104,5,11,0.5844155844155844,0.6181818181818182,7,11,0.6363636363636364,0.6363636363636364
375,4,0,2,6,5,3,1,29.0,11,0.5064935064935066,11,0.5194805194805194,7,0.5714285714285714,22.0,7,0.512987012987013,5,11,0.5194805194805194,0.5818181818181818,7,11,0.5064935064935066,0.5064935064935066
376,2,6,0,5,1,3,4,29.0,11,0.5844155844155844,11,0.6493506493506493,7,0.5714285714285714,22.0,7,0.6168831168831168,5,11,0.6493506493506493,0.6727272727272727,7,11,0.5844155844155844,0.5844155844155844
377,1,6,0,2,4,3,5,29.0,11,0.5324675324675324,11,0.6363636363636364,7,0.5714285714285714,22.0,7,0.5844155844155844,5,11,0.6363636363636364,0.6545454545454545,7,11,0.5324675324675324,0.5324675324675324
378,1,6,4,0,3,5,2,29.0,11,0.6233766233766234,11,0.42857142857142855,7,0.5714285714285714,22.0,7,0.525974025974026,5,11,0.42857142857142855,0.5636363636363637,7,11,0.6233766233766234,0.6233766233766234
379,4,6,5,2,1,0,3,29.0,11,0.6363636363636364,11,0.6493506493506493,7,0.5714285714285714,22.0,7,0.6428571428571428,5,11,0.6493506493506493,0.6545454545454545,7,11,0.6363636363636364,0.6363636363636364
380,5,0,1,2,3,4,6,29.0,11,0.5454545454545454,11,0.6493506493506493,7,0.5714285714285714,22.0,7,0.5974025974025974,5,11,0.6493506493506493,0.509090909090909,7,11,0.5454545454545454,0.5454545454545454
381,5,0,4,1,2,6,3,29.0,11,0.6233766233766234,11,0.4675324675324675,7,0.5714285714285714,22.0,7,0.5454545454545454,5,11,0.4675324675324675,0.45454545454545453,7,11,0.6233766233766234,0.6233766233766234
382,3,1,0,4,5,6,2,29.0,11,0.5194805194805194,11,0.4935064935064935,7,0.5714285714285714,22.0,7,0.5064935064935066,5,11,0.4935064935064935,0.5454545454545454,7,11,0.5194805194805194,0.5194805194805194
383,3,2,5,0,1,6,4,29.0,11,0.6493506493506493,11,0.44155844155844154,7,0.5714285714285714,22.0,7,0.5454545454545454,5,11,0.44155844155844154,0.4727272727272727,7,11,0.6493506493506493,0.6493506493506493
384,4,0,2,1,3,6,5,29.0,11,0.5714285714285714,11,0.5194805194805194,7,0.5714285714285714,22.0,7,0.5454545454545454,5,11,0.5194805194805194,0.4727272727272727,7,11,0.5714285714285714,0.5714285714285714
385,3,6,5,0,1,2,4,29.0,11,0.6493506493506493,11,0.5974025974025974,7,0.5714285714285714,22.0,7,0.6233766233766234,5,11,0.5974025974025974,0.5818181818181818,7,11,0.6493506493506493,0.6493506493506493
386,1,2,6,3,0,5,4,29.0,11,0.6363636363636364,11,0.44155844155844154,7,0.5714285714285714,22.0,7,0.538961038961039,5,11,0.44155844155844154,0.509090909090909,7,11,0.6363636363636364,0.6363636363636364
387,3,2,6,0,5,4,1,29.0,11,0.5844155844155844,11,0.40259740259740256,7,0.5714285714285714,22.0,7,0.4935064935064935,5,11,0.40259740259740256,0.509090909090909,7,11,0.5844155844155844,0.5844155844155844
388,4,1,0,2,3,5,6,29.0,11,0.5454545454545454,11,0.6233766233766234,7,0.5714285714285714,22.0,7,0.5844155844155844,5,11,0.6233766233766234,0.5454545454545454,7,11,0.5454545454545454,0.5454545454545454
389,3,6,2,1,5,4,0,29.0,11,0.5844155844155844,11,0.4935064935064935,7,0.5714285714285714,22.0,7,0.538961038961039,5,11,0.4935064935064935,0.6181818181818182,7,11,0.5844155844155844,0.5844155844155844
390,4,5,6,0,1,3,2,29.0,11,0.6753246753246753,11,0.5194805194805194,7,0.5714285714285714,22.0,7,0.5974025974025974,5,11,0.5194805194805194,0.5454545454545454,7,11,0.6753246753246753,0.6753246753246753
391,0,6,5,1,3,2,4,29.0,11,0.5844155844155844,11,0.5324675324675324,7,0.5714285714285714,22.0,7,0.5584415584415584,5,11,0.5324675324675324,0.6181818181818182,7,11,0.5844155844155844,0.5844155844155844
392,5,3,2,6,4,0,1,29.0,11,0.5324675324675324,11,0.6233766233766234,7,0.5714285714285714,22.0,7,0.577922077922078,5,11,0.6233766233766234,0.6545454545454545,7,11,0.5324675324675324,0.5324675324675324
393,4,5,0,1,6,3,2,29.0,11,0.5324675324675325,11,0.6103896103896104,7,0.5714285714285714,22.0,7,0.5714285714285714,5,11,0.6103896103896104,0.6363636363636364,7,11,0.5324675324675325,0.5324675324675325
394,1,2,6,0,3,5,4,29.0,11,0.5974025974025974,11,0.40259740259740256,7,0.5714285714285714,22.0,7,0.5,5,11,0.40259740259740256,0.4727272727272727,7,11,0.5974025974025974,0.5974025974025974
395,4,0,1,6,5,2,3,29.0,11,0.4805194805194805,11,0.5974025974025974,7,0.5714285714285714,22.0,7,0.538961038961039,5,11,0.5974025974025974,0.5818181818181818,7,11,0.4805194805194805,0.4805194805194805
396,0,4,5,2,6,3,1,29.0,11,0.5324675324675325,11,0.41558441558441556,7,0.5714285714285714,22.0,7,0.474025974025974,5,11,0.41558441558441556,0.5818181818181818,7,11,0.5324675324675325,0.5324675324675325
397,3,2,4,0,1,6,5,29.0,11,0.6363636363636364,11,0.4805194805194805,7,0.5714285714285714,22.0,7,0.5584415584415584,5,11,0.4805194805194805,0.4727272727272727,7,11,0.6363636363636364,0.6363636363636364
398,0,6,3,5,4,2,1,29.0,11,0.5454545454545454,11,0.4935064935064935,7,0.5714285714285714,22.0,7,0.5194805194805194,5,11,0.4935064935064935,0.6909090909090909,7,11,0.5454545454545454,0.5454545454545454
399,5,1,3,2,6,0,4,29.0,11,0.4935064935064935,11,0.6623376623376622,7,0.5714285714285714,22.0,7,0.577922077922078,5,11,0.6623376623376622,0.6,7,11,0.4935064935064935,0.4935064935064935
400,3,0,5,6,1,2,4,29.0,11,0.5714285714285714,11,0.5454545454545454,7,0.5714285714285714,22.0,7,0.5584415584415584,5,11,0.5454545454545454,0.5454545454545454,7,11,0.5714285714285714,0.5714285714285714
401,0,5,2,1,4,6,3,29.0,11,0.5714285714285714,11,0.42857142857142855,7,0.5714285714285714,22.0,7,0.5,5,11,0.42857142857142855,0.5272727272727273,7,11,0.5714285714285714,0.5714285714285714
402,1,0,2,4,3,5,6,29.0,11,0.5194805194805194,11,0.5324675324675325,7,0.5714285714285714,22.0,7,0.525974025974026,5,11,0.5324675324675325,0.5272727272727273,7,11,0.5194805194805194,0.5194805194805194
403,4,6,0,2,3,5,1,29.0,11,0.6103896103896104,11,0.5584415584415584,7,0.5714285714285714,22.0,7,0.5844155844155844,5,11,0.5584415584415584,0.6181818181818182,7,11,0.6103896103896104,0.6103896103896104
404,5,3,4,1,0,6,2,29.0,11,0.6883116883116882,11,0.4805194805194805,7,0.5714285714285714,22.0,7,0.5844155844155844,5,11,0.4805194805194805,0.4909090909090909,7,11,0.6883116883116882,0.6883116883116882
405,5,6,4,2,3,0,1,29.0,11,0.6103896103896104,11,0.6363636363636364,7,0.5714285714285714,22.0,7,0.6233766233766234,5,11,0.6363636363636364,0.6545454545454545,7,11,0.6103896103896104,0.6103896103896104
406,1,4,3,2,0,6,5,29.0,11,0.6363636363636364,11,0.4935064935064935,7,0.5714285714285714,22.0,7,0.5649350649350648,5,11,0.4935064935064935,0.5272727272727273,7,11,0.6363636363636364,0.6363636363636364
407,3,6,5,2,0,1,4,29.0,11,0.6493506493506493,11,0.6363636363636364,7,0.5714285714285714,22.0,7,0.6428571428571428,5,11,0.6363636363636364,0.6363636363636364,7,11,0.6493506493506493,0.6493506493506493
408,3,4,1,2,0,6,5,29.0,11,0.6363636363636364,11,0.5714285714285714,7,0.5714285714285714,22.0,7,0.6038961038961039,5,11,0.5714285714285714,0.5636363636363636,7,11,0.6363636363636364,0.6363636363636364
409,3,5,4,1,0,2,6,29.0,11,0.6363636363636364,11,0.6623376623376622,7,0.5714285714285714,22.0,7,0.6493506493506493,5,11,0.6623376623376622,0.6000000000000001,7,11,0.6363636363636364,0.6363636363636364
410,2,5,4,3,1,6,0,29.0,11,0.6623376623376622,11,0.40259740259740256,7,0.5714285714285714,22.0,7,0.5324675324675325,5,11,0.40259740259740256,0.5272727272727273,7,11,0.6623376623376622,0.6623376623376622
411,3,6,5,2,1,0,4,29.0,11,0.6233766233766234,11,0.6493506493506493,7,0.5714285714285714,22.0,7,0.6363636363636364,5,11,0.6493506493506493,0.6545454545454545,7,11,0.6233766233766234,0.6233766233766234
412,6,3,4,1,2,0,5,29.0,11,0.5974025974025974,11,0.7272727272727273,7,0.5714285714285714,22.0,7,0.6623376623376622,5,11,0.7272727272727273,0.6181818181818182,7,11,0.5974025974025974,0.5974025974025974
413,6,5,2,4,0,3,1,29.0,11,0.6623376623376622,11,0.6363636363636364,7,0.5714285714285714,22.0,7,0.6493506493506493,5,11,0.6363636363636364,0.6545454545454545,7,11,0.6623376623376622,0.6623376623376622
414,4,0,6,2,3,1,5,29.0,11,0.5584415584415584,11,0.5974025974025974,7,0.5714285714285714,22.0,7,0.577922077922078,5,11,0.5974025974025974,0.5454545454545454,7,11,0.5584415584415584,0.5584415584415584
415,1,5,6,3,0,2,4,29.0,11,0.6363636363636364,11,0.5454545454545454,7,0.5714285714285714,22.0,7,0.5909090909090908,5,11,0.5454545454545454,0.6,7,11,0.6363636363636364,0.6363636363636364
416,4,5,3,6,2,1,0,29.0,11,0.5974025974025974,11,0.5714285714285714,7,0.5714285714285714,22.0,7,0.5844155844155844,5,11,0.5714285714285714,0.6545454545454545,7,11,0.5974025974025974,0.5974025974025974
417,1,5,0,4,2,6,3,29.0,11,0.5844155844155844,11,0.5194805194805194,7,0.5714285714285714,22.0,7,0.551948051948052,5,11,0.5194805194805194,0.5818181818181818,7,11,0.5844155844155844,0.5844155844155844
418,1,4,6,2,3,5,0,29.0,11,0.6233766233766234,11,0.35064935064935066,7,0.5714285714285714,22.0,7,0.487012987012987,5,11,0.35064935064935066,0.4909090909090909,7,11,0.6233766233766234,0.6233766233766234
419,6,1,3,5,4,0,2,29.0,11,0.5324675324675324,11,0.6363636363636364,7,0.5714285714285714,22.0,7,0.5844155844155844,5,11,0.6363636363636364,0.6181818181818182,7,11,0.5324675324675324,0.5324675324675324
420,2,6,3,4,1,0,5,29.0,11,0.5844155844155844,11,0.6753246753246753,7,0.5714285714285714,22.0,7,0.6298701298701299,5,11,0.6753246753246753,0.6727272727272727,7,11,0.5844155844155844,0.5844155844155844
421,4,6,0,2,3,5,1,29.0,11,0.6103896103896104,11,0.5584415584415584,7,0.5714285714285714,22.0,7,0.5844155844155844,5,11,0.5584415584415584,0.6181818181818182,7,11,0.6103896103896104,0.6103896103896104
422,4,3,1,2,6,5,0,29.0,11,0.5454545454545454,11,0.4805194805194805,7,0.5714285714285714,22.0,7,0.5129870129870129,5,11,0.4805194805194805,0.5818181818181818,7,11,0.5454545454545454,0.5454545454545454
423,6,3,1,5,4,2,0,29.0,11,0.5584415584415584,11,0.6103896103896104,7,0.5714285714285714,22.0,7,0.5844155844155844,5,11,0.6103896103896104,0.6545454545454545,7,11,0.5584415584415584,0.5584415584415584
424,6,1,0,2,5,4,3,29.0,11,0.5324675324675324,11,0.6233766233766234,7,0.5714285714285714,22.0,7,0.577922077922078,5,11,0.6233766233766234,0.5818181818181818,7,11,0.5324675324675324,0.5324675324675324
425,0,2,3,4,6,5,1,29.0,11,0.5064935064935066,11,0.3896103896103896,7,0.5714285714285714,22.0,7,0.44805194805194803,5,11,0.3896103896103896,0.5454545454545454,7,11,0.5064935064935066,0.5064935064935066
426,1,5,6,0,3,4,2,29.0,11,0.6233766233766234,11,0.41558441558441556,7,0.5714285714285714,22.0,7,0.5194805194805194,5,11,0.41558441558441556,0.5454545454545454,7,11,0.6233766233766234,0.6233766233766234
427,4,0,6,3,5,1,2,29.0,11,0.5324675324675324,11,0.5194805194805194,7,0.5714285714285714,22.0,7,0.525974025974026,5,11,0.5194805194805194,0.5454545454545454,7,11,0.5324675324675324,0.5324675324675324
428,1,0,6,4,3,2,5,29.0,11,0.5324675324675324,11,0.5064935064935066,7,0.5714285714285714,22.0,7,0.5194805194805194,5,11,0.5064935064935066,0.5454545454545454,7,11,0.5324675324675324,0.5324675324675324
429,5,4,2,1,3,0,6,29.0,11,0.5584415584415584,11,0.7662337662337662,7,0.5714285714285714,22.0,7,0.6623376623376622,5,11,0.7662337662337662,0.6727272727272727,7,11,0.5584415584415584,0.5584415584415584
430,4,1,0,6,3,2,5,29.0,11,0.5064935064935066,11,0.6753246753246753,7,0.5714285714285714,22.0,7,0.5909090909090908,5,11,0.6753246753246753,0.6181818181818182,7,11,0.5064935064935066,0.5064935064935066
431,3,1,5,0,6,2,4,29.0,11,0.5194805194805194,11,0.5324675324675324,7,0.5714285714285714,22.0,7,0.525974025974026,5,11,0.5324675324675324,0.5272727272727273,7,11,0.5194805194805194,0.5194805194805194
432,5,1,4,0,3,6,2,29.0,11,0.6233766233766234,11,0.44155844155844154,7,0.5714285714285714,22.0,7,0.5324675324675325,5,11,0.44155844155844154,0.45454545454545453,7,11,0.6233766233766234,0.6233766233766234
433,0,1,2,6,5,4,3,29.0,11,0.4805194805194805,11,0.4675324675324675,7,0.5714285714285714,22.0,7,0.474025974025974,5,11,0.4675324675324675,0.5818181818181818,7,11,0.4805194805194805,0.4805194805194805
434,2,4,5,6,0,1,3,29.0,11,0.6103896103896104,11,0.5584415584415584,7,0.5714285714285714,22.0,7,0.5844155844155844,5,11,0.5584415584415584,0.6,7,11,0.6103896103896104,0.6103896103896104
435,1,0,3,6,4,2,5,29.0,11,0.4805194805194805,11,0.5454545454545454,7,0.5714285714285714,22.0,7,0.512987012987013,5,11,0.5454545454545454,0.5818181818181818,7,11,0.4805194805194805,0.4805194805194805
436,0,1,5,4,6,2,3,29.0,11,0.4805194805194805,11,0.45454545454545453,7,0.5714285714285714,22.0,7,0.4675324675324675,5,11,0.45454545454545453,0.5636363636363637,7,11,0.4805194805194805,0.4805194805194805
437,3,2,4,6,5,1,0,29.0,11,0.5194805194805194,11,0.4935064935064935,7,0.5714285714285714,22.0,7,0.5064935064935066,5,11,0.4935064935064935,0.6181818181818182,7,11,0.5194805194805194,0.5194805194805194
438,4,2,1,6,3,0,5,29.0,11,0.5064935064935066,11,0.7012987012987013,7,0.5714285714285714,22.0,7,0.6038961038961039,5,11,0.7012987012987013,0.6545454545454545,7,11,0.5064935064935066,0.5064935064935066
439,4,2,6,0,3,5,1,29.0,11,0.6363636363636364,11,0.40259740259740256,7,0.5714285714285714,22.0,7,0.5194805194805194,5,11,0.40259740259740256,0.4727272727272727,7,11,0.6363636363636364,0.6363636363636364
440,1,4,0,6,2,5,3,29.0,11,0.5584415584415584,11,0.5454545454545454,7,0.5714285714285714,22.0,7,0.551948051948052,5,11,0.5454545454545454,0.6181818181818182,7,11,0.5584415584415584,0.5584415584415584
441,6,4,0,3,5,2,1,29.0,11,0.5454545454545454,11,0.6623376623376622,7,0.5714285714285714,22.0,7,0.6038961038961039,5,11,0.6623376623376622,0.6727272727272727,7,11,0.5454545454545454,0.5454545454545454
442,1,3,2,6,4,5,0,29.0,11,0.5454545454545454,11,0.42857142857142855,7,0.5714285714285714,22.0,7,0.487012987012987,5,11,0.42857142857142855,0.6,7,11,0.5454545454545454,0.5454545454545454
443,2,5,0,1,6,4,3,29.0,11,0.5194805194805194,11,0.5584415584415584,7,0.5714285714285714,22.0,7,0.5389610389610389,5,11,0.5584415584415584,0.6363636363636364,7,11,0.5194805194805194,0.5194805194805194
444,4,1,5,0,2,6,3,29.0,11,0.6363636363636364,11,0.42857142857142855,7,0.5714285714285714,22.0,7,0.5324675324675324,5,11,0.42857142857142855,0.45454545454545453,7,11,0.6363636363636364,0.6363636363636364
445,6,2,3,5,4,1,0,29.0,11,0.5584415584415584,11,0.5844155844155844,7,0.5714285714285714,22.0,7,0.5714285714285714,5,11,0.5844155844155844,0.6181818181818182,7,11,0.5584415584415584,0.5584415584415584
446,6,2,4,3,0,5,1,29.0,11,0.6753246753246753,11,0.5194805194805194,7,0.5714285714285714,22.0,7,0.5974025974025974,5,11,0.5194805194805194,0.4909090909090909,7,11,0.6753246753246753,0.6753246753246753
447,4,5,2,0,1,6,3,29.0,11,0.6623376623376622,11,0.5194805194805194,7,0.5714285714285714,22.0,7,0.5909090909090908,5,11,0.5194805194805194,0.509090909090909,7,11,0.6623376623376622,0.6623376623376622
448,1,4,2,0,3,5,6,29.0,11,0.5714285714285714,11,0.5324675324675325,7,0.5714285714285714,22.0,7,0.551948051948052,5,11,0.5324675324675325,0.5272727272727273,7,11,0.5714285714285714,0.5714285714285714
449,4,2,6,0,3,1,5,29.0,11,0.5844155844155844,11,0.6103896103896105,7,0.5714285714285714,22.0,7,0.5974025974025974,5,11,0.6103896103896105,0.5636363636363637,7,11,0.5844155844155844,0.5844155844155844
450,3,4,1,5,2,6,0,29.0,11,0.6103896103896104,11,0.4805194805194805,7,0.5714285714285714,22.0,7,0.5454545454545454,5,11,0.4805194805194805,0.5818181818181818,7,11,0.6103896103896104,0.6103896103896104
451,2,0,3,1,6,4,5,29.0,11,0.4935064935064935,11,0.5064935064935064,7,0.5714285714285714,22.0,7,0.5,5,11,0.5064935064935064,0.509090909090909,7,11,0.4935064935064935,0.4935064935064935
452,0,3,5,1,4,2,6,29.0,11,0.5324675324675324,11,0.5454545454545454,7,0.5714285714285714,22.0,7,0.538961038961039,5,11,0.5454545454545454,0.5636363636363637,7,11,0.5324675324675324,0.5324675324675324
453,3,0,2,1,4,6,5,29.0,11,0.5454545454545454,11,0.4935064935064935,7,0.5714285714285714,22.0,7,0.5194805194805194,5,11,0.4935064935064935,0.4727272727272727,7,11,0.5454545454545454,0.5454545454545454
454,4,6,2,0,1,3,5,29.0,11,0.6363636363636364,11,0.6623376623376622,7,0.5714285714285714,22.0,7,0.6493506493506493,5,11,0.6623376623376622,0.5636363636363637,7,11,0.6363636363636364,0.6363636363636364
455,2,5,6,1,0,4,3,29.0,11,0.6753246753246753,11,0.4805194805194805,7,0.5714285714285714,22.0,7,0.577922077922078,5,11,0.4805194805194805,0.5636363636363637,7,11,0.6753246753246753,0.6753246753246753
456,2,3,0,5,1,4,6,29.0,11,0.5584415584415584,11,0.6493506493506493,7,0.5714285714285714,22.0,7,0.6038961038961039,5,11,0.6493506493506493,0.6181818181818182,7,11,0.5584415584415584,0.5584415584415584
457,6,5,4,2,0,3,1,29.0,11,0.6883116883116882,11,0.5974025974025974,7,0.5714285714285714,22.0,7,0.6428571428571428,5,11,0.5974025974025974,0.6000000000000001,7,11,0.6883116883116882,0.6883116883116882
458,0,1,3,2,5,6,4,29.0,11,0.5194805194805194,11,0.40259740259740256,7,0.5714285714285714,22.0,7,0.461038961038961,5,11,0.40259740259740256,0.4727272727272727,7,11,0.5194805194805194,0.5194805194805194
459,0,4,3,6,2,5,1,29.0,11,0.5844155844155844,11,0.42857142857142855,7,0.5714285714285714,22.0,7,0.5064935064935066,5,11,0.42857142857142855,0.6,7,11,0.5844155844155844,0.5844155844155844
460,2,6,1,3,4,0,5,29.0,11,0.5194805194805194,11,0.7012987012987013,7,0.5714285714285714,22.0,7,0.6103896103896104,5,11,0.7012987012987013,0.6909090909090909,7,11,0.5194805194805194,0.5194805194805194
461,2,3,4,0,1,5,6,29.0,11,0.6233766233766234,11,0.5194805194805194,7,0.5714285714285714,22.0,7,0.5714285714285714,5,11,0.5194805194805194,0.4727272727272727,7,11,0.6233766233766234,0.6233766233766234
462,5,0,6,4,3,1,2,29.0,11,0.5714285714285714,11,0.5454545454545454,7,0.5714285714285714,22.0,7,0.5584415584415584,5,11,0.5454545454545454,0.5454545454545454,7,11,0.5714285714285714,0.5714285714285714
463,4,3,0,6,2,1,5,29.0,11,0.5324675324675324,11,0.7142857142857142,7,0.5714285714285714,22.0,7,0.6233766233766234,5,11,0.7142857142857142,0.6727272727272727,7,11,0.5324675324675324,0.5324675324675324
464,4,0,6,5,3,2,1,29.0,11,0.5714285714285714,11,0.4805194805194805,7,0.5714285714285714,22.0,7,0.525974025974026,5,11,0.4805194805194805,0.5454545454545454,7,11,0.5714285714285714,0.5714285714285714
465,2,5,1,4,6,0,3,29.0,11,0.4805194805194805,11,0.6363636363636364,7,0.5714285714285714,22.0,7,0.5584415584415584,5,11,0.6363636363636364,0.6727272727272727,7,11,0.4805194805194805,0.4805194805194805
466,0,3,5,4,6,1,2,29.0,11,0.4935064935064935,11,0.4675324675324675,7,0.5714285714285714,22.0,7,0.4805194805194805,5,11,0.4675324675324675,0.6,7,11,0.4935064935064935,0.4935064935064935
467,3,2,6,0,4,5,1,29.0,11,0.6103896103896104,11,0.37662337662337664,7,0.5714285714285714,22.0,7,0.4935064935064935,5,11,0.37662337662337664,0.4727272727272727,7,11,0.6103896103896104,0.6103896103896104
468,5,6,4,1,0,2,3,29.0,11,0.6753246753246753,11,0.6493506493506493,7,0.5714285714285714,22.0,7,0.6623376623376622,5,11,0.6493506493506493,0.6000000000000001,7,11,0.6753246753246753,0.6753246753246753
469,4,0,5,6,2,3,1,29.0,11,0.5844155844155844,11,0.4805194805194805,7,0.5714285714285714,22.0,7,0.5324675324675324,5,11,0.4805194805194805,0.5454545454545454,7,11,0.5844155844155844,0.5844155844155844
470,2,6,0,3,5,1,4,29.0,11,0.5064935064935066,11,0.6753246753246753,7,0.5714285714285714,22.0,7,0.5909090909090908,5,11,0.6753246753246753,0.6909090909090909,7,11,0.5064935064935066,0.5064935064935066
471,3,0,2,4,6,5,1,29.0,11,0.5064935064935066,11,0.45454545454545453,7,0.5714285714285714,22.0,7,0.4805194805194805,5,11,0.45454545454545453,0.5454545454545454,7,11,0.5064935064935066,0.5064935064935066
472,6,3,4,1,2,5,0,29.0,11,0.6623376623376622,11,0.4805194805194805,7,0.5714285714285714,22.0,7,0.5714285714285714,5,11,0.4805194805194805,0.4727272727272727,7,11,0.6623376623376622,0.6623376623376622
473,2,5,1,3,4,0,6,29.0,11,0.5064935064935066,11,0.7142857142857142,7,0.5714285714285714,22.0,7,0.6103896103896104,5,11,0.7142857142857142,0.6909090909090909,7,11,0.5064935064935066,0.5064935064935066
474,3,1,6,5,4,2,0,29.0,11,0.5584415584415584,11,0.44155844155844154,7,0.5714285714285714,22.0,7,0.5,5,11,0.44155844155844154,0.5454545454545454,7,11,0.5584415584415584,0.5584415584415584
475,6,3,1,5,2,4,0,29.0,11,0.6103896103896104,11,0.5844155844155844,7,0.5714285714285714,22.0,7,0.5974025974025974,5,11,0.5844155844155844,0.6181818181818182,7,11,0.6103896103896104,0.6103896103896104
476,2,1,5,3,4,6,0,29.0,11,0.5844155844155844,11,0.33766233766233766,7,0.5714285714285714,22.0,7,0.461038961038961,5,11,0.33766233766233766,0.45454545454545453,7,11,0.5844155844155844,0.5844155844155844
477,1,0,5,4,2,6,3,29.0,11,0.5844155844155844,11,0.38961038961038963,7,0.5714285714285714,22.0,7,0.487012987012987,5,11,0.38961038961038963,0.4727272727272727,7,11,0.5844155844155844,0.5844155844155844
478,1,5,4,2,3,0,6,29.0,11,0.5454545454545454,11,0.6493506493506493,7,0.5714285714285714,22.0,7,0.5974025974025974,5,11,0.6493506493506493,0.6545454545454545,7,11,0.5454545454545454,0.5454545454545454
479,6,3,2,0,4,5,1,29.0,11,0.6103896103896104,11,0.5194805194805194,7,0.5714285714285714,22.0,7,0.5649350649350648,5,11,0.5194805194805194,0.509090909090909,7,11,0.6103896103896104,0.6103896103896104
480,4,0,2,1,6,5,3,29.0,11,0.5194805194805194,11,0.4935064935064935,7,0.5714285714285714,22.0,7,0.5064935064935066,5,11,0.4935064935064935,0.509090909090909,7,11,0.5194805194805194,0.5194805194805194
481,4,3,2,1,6,5,0,29.0,11,0.5584415584415585,11,0.45454545454545453,7,0.5714285714285714,22.0,7,0.5064935064935066,5,11,0.45454545454545453,0.5454545454545454,7,11,0.5584415584415585,0.5584415584415585
482,2,0,1,4,5,6,3,29.0,11,0.5064935064935066,11,0.4675324675324675,7,0.5714285714285714,22.0,7,0.487012987012987,5,11,0.4675324675324675,0.509090909090909,7,11,0.5064935064935066,0.5064935064935066
483,0,6,1,5,4,3,2,29.0,11,0.5324675324675324,11,0.5324675324675324,7,0.5714285714285714,22.0,7,0.5324675324675324,5,11,0.5324675324675324,0.6909090909090909,7,11,0.5324675324675324,0.5324675324675324
484,4,6,5,1,2,0,3,29.0,11,0.6233766233766234,11,0.6493506493506493,7,0.5714285714285714,22.0,7,0.6363636363636364,5,11,0.6493506493506493,0.6545454545454545,7,11,0.6233766233766234,0.6233766233766234
485,4,5,1,0,6,3,2,29.0,11,0.5454545454545454,11,0.5844155844155844,7,0.5714285714285714,22.0,7,0.5649350649350648,5,11,0.5844155844155844,0.6000000000000001,7,11,0.5454545454545454,0.5454545454545454
486,1,3,4,0,2,6,5,29.0,11,0.6103896103896104,11,0.44155844155844154,7,0.5714285714285714,22.0,7,0.525974025974026,5,11,0.44155844155844154,0.4727272727272727,7,11,0.6103896103896104,0.6103896103896104
487,3,4,5,0,6,1,2,29.0,11,0.5454545454545454,11,0.5454545454545454,7,0.5714285714285714,22.0,7,0.5454545454545454,5,11,0.5454545454545454,0.5818181818181818,7,11,0.5454545454545454,0.5454545454545454
488,4,2,3,0,1,6,5,29.0,11,0.6363636363636364,11,0.5194805194805194,7,0.5714285714285714,22.0,7,0.577922077922078,5,11,0.5194805194805194,0.4727272727272727,7,11,0.6363636363636364,0.6363636363636364
489,1,3,4,6,2,0,5,29.0,11,0.5324675324675324,11,0.5974025974025974,7,0.5714285714285714,22.0,7,0.5649350649350648,5,11,0.5974025974025974,0.6181818181818182,7,11,0.5324675324675324,0.5324675324675324
490,0,2,1,3,5,6,4,29.0,11,0.5064935064935066,11,0.45454545454545453,7,0.5714285714285714,22.0,7,0.4805194805194805,5,11,0.45454545454545453,0.5454545454545454,7,11,0.5064935064935066,0.5064935064935066
491,6,0,5,2,4,1,3,29.0,11,0.5584415584415584,11,0.6103896103896104,7,0.5714285714285714,22.0,7,0.5844155844155844,5,11,0.6103896103896104,0.5454545454545454,7,11,0.5584415584415584,0.5584415584415584
492,5,1,6,3,2,0,4,29.0,11,0.5844155844155844,11,0.6233766233766234,7,0.5714285714285714,22.0,7,0.6038961038961039,5,11,0.6233766233766234,0.5818181818181818,7,11,0.5844155844155844,0.5844155844155844
493,3,5,1,6,0,2,4,29.0,11,0.5974025974025974,11,0.6623376623376624,7,0.5714285714285714,22.0,7,0.6298701298701299,5,11,0.6623376623376624,0.6363636363636364,7,11,0.5974025974025974,0.5974025974025974
494,2,1,6,5,4,3,0,29.0,11,0.5584415584415584,11,0.40259740259740256,7,0.5714285714285714,22.0,7,0.4805194805194805,5,11,0.40259740259740256,0.5454545454545454,7,11,0.5584415584415584,0.5584415584415584
495,4,0,5,3,1,6,2,29.0,11,0.6363636363636364,11,0.42857142857142855,7,0.5714285714285714,22.0,7,0.5324675324675325,5,11,0.42857142857142855,0.4727272727272727,7,11,0.6363636363636364,0.6363636363636364
496,3,5,1,4,6,0,2,29.0,11,0.4935064935064935,11,0.6363636363636364,7,0.5714285714285714,22.0,7,0.5649350649350648,5,11,0.6363636363636364,0.6727272727272727,7,11,0.4935064935064935,0.4935064935064935
497,6,4,1,3,5,2,0,29.0,11,0.5584415584415584,11,0.6233766233766234,7,0.5714285714285714,22.0,7,0.5909090909090908,5,11,0.6233766233766234,0.6727272727272727,7,11,0.5584415584415584,0.5584415584415584
498,4,1,2,5,6,0,3,29.0,11,0.4675324675324675,11,0.6233766233766234,7,0.5714285714285714,22.0,7,0.5454545454545454,5,11,0.6233766233766234,0.6181818181818182,7,11,0.4675324675324675,0.4675324675324675
499,5,3,0,4,6,1,2,29.0,11,0.4935064935064935,11,0.6623376623376622,7,0.5714285714285714,22.0,7,0.577922077922078,5,11,0.6623376623376622,0.6545454545454545,7,11,0.4935064935064935,0.4935064935064935
